time,step,quantity,kperp,value
0.0,0,u_perp,0.5,0.0
0.0,0,u_perp,1.5,0.0
0.0,0,u_perp,2.5,0.0
0.0,0,u_perp,3.5,0.0
0.0,0,u_perp,4.5,0.0
0.0,0,u_perp,5.5,0.0
0.0,0,u_perp,6.5,0.0
0.0,0,u_perp,7.5,0.0
0.0,0,u_perp,8.5,0.0
0.0,0,u_perp,9.5,0.0
0.0,0,u_perp,10.5,0.0
0.0,0,u_perp,11.5,0.0
0.0,0,u_perp,12.5,0.0
0.0,0,u_perp,13.5,0.0
0.0,0,u_perp,14.5,0.0
0.0,0,u_perp,15.5,0.0
0.0,0,u_perp,16.5,0.0
0.0,0,u_perp,17.5,0.0
0.0,0,u_perp,18.5,0.0
0.0,0,u_perp,19.5,0.0
0.0,0,u_perp,20.5,0.0
0.0,0,u_perp,21.5,0.0
0.0,0,u_perp,22.5,0.0
0.0,0,u_perp,23.5,0.0
0.0,0,u_perp,24.5,0.0
0.0,0,u_perp,25.5,0.0
0.0,0,u_perp,26.5,0.0
0.0,0,u_perp,27.5,0.0
0.0,0,u_perp,28.5,0.0
0.0,0,u_perp,29.5,0.0
0.0,0,u_perp,30.5,0.0
0.0,0,u_perp,31.5,0.0
0.0,0,u_perp,32.5,0.0
0.0,0,u_perp,33.5,0.0
0.0,0,u_perp,34.5,0.0
0.0,0,u_perp,35.5,0.0
0.0,0,u_perp,36.5,0.0
0.0,0,u_perp,37.5,0.0
0.0,0,u_perp,38.5,0.0
0.0,0,u_perp,39.5,0.0
0.0,0,u_perp,40.5,0.0
0.0,0,u_perp,41.5,0.0
0.0,0,u_perp,42.5,0.0
0.0,0,u_perp,43.5,0.0
0.0,0,u_perp,44.5,0.0
0.0,0,u_perp,45.5,0.0
0.0,0,b_perp,0.5,0.0
0.0,0,b_perp,1.5,0.0
0.0,0,b_perp,2.5,0.0
0.0,0,b_perp,3.5,0.0
0.0,0,b_perp,4.5,0.0
0.0,0,b_perp,5.5,0.0
0.0,0,b_perp,6.5,0.0
0.0,0,b_perp,7.5,0.0
0.0,0,b_perp,8.5,0.0
0.0,0,b_perp,9.5,0.0
0.0,0,b_perp,10.5,0.0
0.0,0,b_perp,11.5,0.0
0.0,0,b_perp,12.5,0.0
0.0,0,b_perp,13.5,0.0
0.0,0,b_perp,14.5,0.0
0.0,0,b_perp,15.5,0.0
0.0,0,b_perp,16.5,0.0
0.0,0,b_perp,17.5,0.0
0.0,0,b_perp,18.5,0.0
0.0,0,b_perp,19.5,0.0
0.0,0,b_perp,20.5,0.0
0.0,0,b_perp,21.5,0.0
0.0,0,b_perp,22.5,0.0
0.0,0,b_perp,23.5,0.0
0.0,0,b_perp,24.5,0.0
0.0,0,b_perp,25.5,0.0
0.0,0,b_perp,26.5,0.0
0.0,0,b_perp,27.5,0.0
0.0,0,b_perp,28.5,0.0
0.0,0,b_perp,29.5,0.0
0.0,0,b_perp,30.5,0.0
0.0,0,b_perp,31.5,0.0
0.0,0,b_perp,32.5,0.0
0.0,0,b_perp,33.5,0.0
0.0,0,b_perp,34.5,0.0
0.0,0,b_perp,35.5,0.0
0.0,0,b_perp,36.5,0.0
0.0,0,b_perp,37.5,0.0
0.0,0,b_perp,38.5,0.0
0.0,0,b_perp,39.5,0.0
0.0,0,b_perp,40.5,0.0
0.0,0,b_perp,41.5,0.0
0.0,0,b_perp,42.5,0.0
0.0,0,b_perp,43.5,0.0
0.0,0,b_perp,44.5,0.0
0.0,0,b_perp,45.5,0.0
0.0,0,upar,0.5,0.0
0.0,0,upar,1.5,0.0
0.0,0,upar,2.5,0.0
0.0,0,upar,3.5,0.0
0.0,0,upar,4.5,0.0
0.0,0,upar,5.5,0.0
0.0,0,upar,6.5,0.0
0.0,0,upar,7.5,0.0
0.0,0,upar,8.5,0.0
0.0,0,upar,9.5,0.0
0.0,0,upar,10.5,0.0
0.0,0,upar,11.5,0.0
0.0,0,upar,12.5,0.0
0.0,0,upar,13.5,0.0
0.0,0,upar,14.5,0.0
0.0,0,upar,15.5,0.0
0.0,0,upar,16.5,0.0
0.0,0,upar,17.5,0.0
0.0,0,upar,18.5,0.0
0.0,0,upar,19.5,0.0
0.0,0,upar,20.5,0.0
0.0,0,upar,21.5,0.0
0.0,0,upar,22.5,0.0
0.0,0,upar,23.5,0.0
0.0,0,upar,24.5,0.0
0.0,0,upar,25.5,0.0
0.0,0,upar,26.5,0.0
0.0,0,upar,27.5,0.0
0.0,0,upar,28.5,0.0
0.0,0,upar,29.5,0.0
0.0,0,upar,30.5,0.0
0.0,0,upar,31.5,0.0
0.0,0,upar,32.5,0.0
0.0,0,upar,33.5,0.0
0.0,0,upar,34.5,0.0
0.0,0,upar,35.5,0.0
0.0,0,upar,36.5,0.0
0.0,0,upar,37.5,0.0
0.0,0,upar,38.5,0.0
0.0,0,upar,39.5,0.0
0.0,0,upar,40.5,0.0
0.0,0,upar,41.5,0.0
0.0,0,upar,42.5,0.0
0.0,0,upar,43.5,0.0
0.0,0,upar,44.5,0.0
0.0,0,upar,45.5,0.0
0.0,0,dbpar,0.5,0.0
0.0,0,dbpar,1.5,0.0
0.0,0,dbpar,2.5,0.0
0.0,0,dbpar,3.5,0.0
0.0,0,dbpar,4.5,0.0
0.0,0,dbpar,5.5,0.0
0.0,0,dbpar,6.5,0.0
0.0,0,dbpar,7.5,0.0
0.0,0,dbpar,8.5,0.0
0.0,0,dbpar,9.5,0.0
0.0,0,dbpar,10.5,0.0
0.0,0,dbpar,11.5,0.0
0.0,0,dbpar,12.5,0.0
0.0,0,dbpar,13.5,0.0
0.0,0,dbpar,14.5,0.0
0.0,0,dbpar,15.5,0.0
0.0,0,dbpar,16.5,0.0
0.0,0,dbpar,17.5,0.0
0.0,0,dbpar,18.5,0.0
0.0,0,dbpar,19.5,0.0
0.0,0,dbpar,20.5,0.0
0.0,0,dbpar,21.5,0.0
0.0,0,dbpar,22.5,0.0
0.0,0,dbpar,23.5,0.0
0.0,0,dbpar,24.5,0.0
0.0,0,dbpar,25.5,0.0
0.0,0,dbpar,26.5,0.0
0.0,0,dbpar,27.5,0.0
0.0,0,dbpar,28.5,0.0
0.0,0,dbpar,29.5,0.0
0.0,0,dbpar,30.5,0.0
0.0,0,dbpar,31.5,0.0
0.0,0,dbpar,32.5,0.0
0.0,0,dbpar,33.5,0.0
0.0,0,dbpar,34.5,0.0
0.0,0,dbpar,35.5,0.0
0.0,0,dbpar,36.5,0.0
0.0,0,dbpar,37.5,0.0
0.0,0,dbpar,38.5,0.0
0.0,0,dbpar,39.5,0.0
0.0,0,dbpar,40.5,0.0
0.0,0,dbpar,41.5,0.0
0.0,0,dbpar,42.5,0.0
0.0,0,dbpar,43.5,0.0
0.0,0,dbpar,44.5,0.0
0.0,0,dbpar,45.5,0.0
0.0,0,z_plus,0.5,0.0
0.0,0,z_plus,1.5,0.0
0.0,0,z_plus,2.5,0.0
0.0,0,z_plus,3.5,0.0
0.0,0,z_plus,4.5,0.0
0.0,0,z_plus,5.5,0.0
0.0,0,z_plus,6.5,0.0
0.0,0,z_plus,7.5,0.0
0.0,0,z_plus,8.5,0.0
0.0,0,z_plus,9.5,0.0
0.0,0,z_plus,10.5,0.0
0.0,0,z_plus,11.5,0.0
0.0,0,z_plus,12.5,0.0
0.0,0,z_plus,13.5,0.0
0.0,0,z_plus,14.5,0.0
0.0,0,z_plus,15.5,0.0
0.0,0,z_plus,16.5,0.0
0.0,0,z_plus,17.5,0.0
0.0,0,z_plus,18.5,0.0
0.0,0,z_plus,19.5,0.0
0.0,0,z_plus,20.5,0.0
0.0,0,z_plus,21.5,0.0
0.0,0,z_plus,22.5,0.0
0.0,0,z_plus,23.5,0.0
0.0,0,z_plus,24.5,0.0
0.0,0,z_plus,25.5,0.0
0.0,0,z_plus,26.5,0.0
0.0,0,z_plus,27.5,0.0
0.0,0,z_plus,28.5,0.0
0.0,0,z_plus,29.5,0.0
0.0,0,z_plus,30.5,0.0
0.0,0,z_plus,31.5,0.0
0.0,0,z_plus,32.5,0.0
0.0,0,z_plus,33.5,0.0
0.0,0,z_plus,34.5,0.0
0.0,0,z_plus,35.5,0.0
0.0,0,z_plus,36.5,0.0
0.0,0,z_plus,37.5,0.0
0.0,0,z_plus,38.5,0.0
0.0,0,z_plus,39.5,0.0
0.0,0,z_plus,40.5,0.0
0.0,0,z_plus,41.5,0.0
0.0,0,z_plus,42.5,0.0
0.0,0,z_plus,43.5,0.0
0.0,0,z_plus,44.5,0.0
0.0,0,z_plus,45.5,0.0
0.0,0,z_minus,0.5,0.0
0.0,0,z_minus,1.5,0.0
0.0,0,z_minus,2.5,0.0
0.0,0,z_minus,3.5,0.0
0.0,0,z_minus,4.5,0.0
0.0,0,z_minus,5.5,0.0
0.0,0,z_minus,6.5,0.0
0.0,0,z_minus,7.5,0.0
0.0,0,z_minus,8.5,0.0
0.0,0,z_minus,9.5,0.0
0.0,0,z_minus,10.5,0.0
0.0,0,z_minus,11.5,0.0
0.0,0,z_minus,12.5,0.0
0.0,0,z_minus,13.5,0.0
0.0,0,z_minus,14.5,0.0
0.0,0,z_minus,15.5,0.0
0.0,0,z_minus,16.5,0.0
0.0,0,z_minus,17.5,0.0
0.0,0,z_minus,18.5,0.0
0.0,0,z_minus,19.5,0.0
0.0,0,z_minus,20.5,0.0
0.0,0,z_minus,21.5,0.0
0.0,0,z_minus,22.5,0.0
0.0,0,z_minus,23.5,0.0
0.0,0,z_minus,24.5,0.0
0.0,0,z_minus,25.5,0.0
0.0,0,z_minus,26.5,0.0
0.0,0,z_minus,27.5,0.0
0.0,0,z_minus,28.5,0.0
0.0,0,z_minus,29.5,0.0
0.0,0,z_minus,30.5,0.0
0.0,0,z_minus,31.5,0.0
0.0,0,z_minus,32.5,0.0
0.0,0,z_minus,33.5,0.0
0.0,0,z_minus,34.5,0.0
0.0,0,z_minus,35.5,0.0
0.0,0,z_minus,36.5,0.0
0.0,0,z_minus,37.5,0.0
0.0,0,z_minus,38.5,0.0
0.0,0,z_minus,39.5,0.0
0.0,0,z_minus,40.5,0.0
0.0,0,z_minus,41.5,0.0
0.0,0,z_minus,42.5,0.0
0.0,0,z_minus,43.5,0.0
0.0,0,z_minus,44.5,0.0
0.0,0,z_minus,45.5,0.0
1.0050000000000008,67,u_perp,0.5,0.0
1.0050000000000008,67,u_perp,1.5,0.04518855316818573
1.0050000000000008,67,u_perp,2.5,0.09140760665380801
1.0050000000000008,67,u_perp,3.5,0.014086336952714463
1.0050000000000008,67,u_perp,4.5,0.0016498797039979011
1.0050000000000008,67,u_perp,5.5,0.0006447705985845621
1.0050000000000008,67,u_perp,6.5,0.00017401049877846154
1.0050000000000008,67,u_perp,7.5,9.254666803062378e-05
1.0050000000000008,67,u_perp,8.5,3.2341486720382416e-05
1.0050000000000008,67,u_perp,9.5,1.3794933462789774e-05
1.0050000000000008,67,u_perp,10.5,6.726310504743119e-06
1.0050000000000008,67,u_perp,11.5,2.9519182296500567e-06
1.0050000000000008,67,u_perp,12.5,1.6676453674575408e-06
1.0050000000000008,67,u_perp,13.5,7.311858022008011e-07
1.0050000000000008,67,u_perp,14.5,3.3502749048925645e-07
1.0050000000000008,67,u_perp,15.5,1.782058879490372e-07
1.0050000000000008,67,u_perp,16.5,7.64569925362533e-08
1.0050000000000008,67,u_perp,17.5,4.525962878228518e-08
1.0050000000000008,67,u_perp,18.5,1.8083656274887795e-08
1.0050000000000008,67,u_perp,19.5,7.82503918376651e-09
1.0050000000000008,67,u_perp,20.5,3.73749181149044e-09
1.0050000000000008,67,u_perp,21.5,1.7593799166487518e-09
1.0050000000000008,67,u_perp,22.5,4.842515149844146e-10
1.0050000000000008,67,u_perp,23.5,1.699309213085134e-10
1.0050000000000008,67,u_perp,24.5,6.26040222813861e-11
1.0050000000000008,67,u_perp,25.5,1.7983523743203903e-11
1.0050000000000008,67,u_perp,26.5,4.059142232149064e-12
1.0050000000000008,67,u_perp,27.5,9.70349116705555e-13
1.0050000000000008,67,u_perp,28.5,1.5536990970446393e-13
1.0050000000000008,67,u_perp,29.5,5.460470461476475e-14
1.0050000000000008,67,u_perp,30.5,0.0
1.0050000000000008,67,u_perp,31.5,0.0
1.0050000000000008,67,u_perp,32.5,0.0
1.0050000000000008,67,u_perp,33.5,0.0
1.0050000000000008,67,u_perp,34.5,0.0
1.0050000000000008,67,u_perp,35.5,0.0
1.0050000000000008,67,u_perp,36.5,0.0
1.0050000000000008,67,u_perp,37.5,0.0
1.0050000000000008,67,u_perp,38.5,0.0
1.0050000000000008,67,u_perp,39.5,0.0
1.0050000000000008,67,u_perp,40.5,0.0
1.0050000000000008,67,u_perp,41.5,0.0
1.0050000000000008,67,u_perp,42.5,0.0
1.0050000000000008,67,u_perp,43.5,0.0
1.0050000000000008,67,u_perp,44.5,0.0
1.0050000000000008,67,u_perp,45.5,0.0
1.0050000000000008,67,b_perp,0.5,0.0
1.0050000000000008,67,b_perp,1.5,0.024717323300933753
1.0050000000000008,67,b_perp,2.5,0.13667388723084867
1.0050000000000008,67,b_perp,3.5,0.01668050048201073
1.0050000000000008,67,b_perp,4.5,0.007643227861541775
1.0050000000000008,67,b_perp,5.5,0.0036035736337309094
1.0050000000000008,67,b_perp,6.5,0.0007308323048898503
1.0050000000000008,67,b_perp,7.5,0.00034226032365349305
1.0050000000000008,67,b_perp,8.5,0.00012354912782021243
1.0050000000000008,67,b_perp,9.5,4.891240643863242e-05
1.0050000000000008,67,b_perp,10.5,2.042940317877113e-05
1.0050000000000008,67,b_perp,11.5,8.110299227863531e-06
1.0050000000000008,67,b_perp,12.5,4.470142771225307e-06
1.0050000000000008,67,b_perp,13.5,1.9353508329143336e-06
1.0050000000000008,67,b_perp,14.5,8.207799567124871e-07
1.0050000000000008,67,b_perp,15.5,3.9983674149234356e-07
1.0050000000000008,67,b_perp,16.5,1.6742436967079394e-07
1.0050000000000008,67,b_perp,17.5,9.271227525521649e-08
1.0050000000000008,67,b_perp,18.5,3.4909092967370383e-08
1.0050000000000008,67,b_perp,19.5,1.5376069348083068e-08
1.0050000000000008,67,b_perp,20.5,6.600510743398054e-09
1.0050000000000008,67,b_perp,21.5,3.152898552090728e-09
1.0050000000000008,67,b_perp,22.5,8.403932003090049e-10
1.0050000000000008,67,b_perp,23.5,2.7579516450827673e-10
1.0050000000000008,67,b_perp,24.5,1.1031042812080428e-10
1.0050000000000008,67,b_perp,25.5,2.978114082266475e-11
1.0050000000000008,67,b_perp,26.5,7.814439471834292e-12
1.0050000000000008,67,b_perp,27.5,1.7710104828557123e-12
1.0050000000000008,67,b_perp,28.5,3.0373562067887944e-13
1.0050000000000008,67,b_perp,29.5,1.0562118093685999e-13
1.0050000000000008,67,b_perp,30.5,0.0
1.0050000000000008,67,b_perp,31.5,0.0
1.0050000000000008,67,b_perp,32.5,0.0
1.0050000000000008,67,b_perp,33.5,0.0
1.0050000000000008,67,b_perp,34.5,0.0
1.0050000000000008,67,b_perp,35.5,0.0
1.0050000000000008,67,b_perp,36.5,0.0
1.0050000000000008,67,b_perp,37.5,0.0
1.0050000000000008,67,b_perp,38.5,0.0
1.0050000000000008,67,b_perp,39.5,0.0
1.0050000000000008,67,b_perp,40.5,0.0
1.0050000000000008,67,b_perp,41.5,0.0
1.0050000000000008,67,b_perp,42.5,0.0
1.0050000000000008,67,b_perp,43.5,0.0
1.0050000000000008,67,b_perp,44.5,0.0
1.0050000000000008,67,b_perp,45.5,0.0
1.0050000000000008,67,upar,0.5,2.121846203590174e-05
1.0050000000000008,67,upar,1.5,0.00019275122165178467
1.0050000000000008,67,upar,2.5,0.00037175216677423693
1.0050000000000008,67,upar,3.5,4.343090541641502e-05
1.0050000000000008,67,upar,4.5,1.8104582562372587e-05
1.0050000000000008,67,upar,5.5,4.589034515497381e-06
1.0050000000000008,67,upar,6.5,1.3050148405348482e-06
1.0050000000000008,67,upar,7.5,5.41676523431415e-07
1.0050000000000008,67,upar,8.5,1.59608489908482e-07
1.0050000000000008,67,upar,9.5,5.8943769989735464e-08
1.0050000000000008,67,upar,10.5,2.10612856521845e-08
1.0050000000000008,67,upar,11.5,7.64748316752034e-09
1.0050000000000008,67,upar,12.5,3.6294134400149817e-09
1.0050000000000008,67,upar,13.5,1.4073880876327144e-09
1.0050000000000008,67,upar,14.5,5.323361188408464e-10
1.0050000000000008,67,upar,15.5,2.3184854230839966e-10
1.0050000000000008,67,upar,16.5,9.268855220221187e-11
1.0050000000000008,67,upar,17.5,4.396987037297448e-11
1.0050000000000008,67,upar,18.5,1.610015113000129e-11
1.0050000000000008,67,upar,19.5,5.795086427526341e-12
1.0050000000000008,67,upar,20.5,2.3206232579788102e-12
1.0050000000000008,67,upar,21.5,9.763881457496257e-13
1.0050000000000008,67,upar,22.5,1.9834368415295893e-13
1.0050000000000008,67,upar,23.5,5.427941732608637e-14
1.0050000000000008,67,upar,24.5,1.355386259034511e-14
1.0050000000000008,67,upar,25.5,2.9806562440362053e-15
1.0050000000000008,67,upar,26.5,5.187843860209488e-16
1.0050000000000008,67,upar,27.5,1.1104892784428663e-16
1.0050000000000008,67,upar,28.5,1.6536515089298332e-17
1.0050000000000008,67,upar,29.5,7.45388767974266e-18
1.0050000000000008,67,upar,30.5,0.0
1.0050000000000008,67,upar,31.5,0.0
1.0050000000000008,67,upar,32.5,0.0
1.0050000000000008,67,upar,33.5,0.0
1.0050000000000008,67,upar,34.5,0.0
1.0050000000000008,67,upar,35.5,0.0
1.0050000000000008,67,upar,36.5,0.0
1.0050000000000008,67,upar,37.5,0.0
1.0050000000000008,67,upar,38.5,0.0
1.0050000000000008,67,upar,39.5,0.0
1.0050000000000008,67,upar,40.5,0.0
1.0050000000000008,67,upar,41.5,0.0
1.0050000000000008,67,upar,42.5,0.0
1.0050000000000008,67,upar,43.5,0.0
1.0050000000000008,67,upar,44.5,0.0
1.0050000000000008,67,upar,45.5,0.0
1.0050000000000008,67,dbpar,0.5,0.00010619906221190605
1.0050000000000008,67,dbpar,1.5,0.0002216335146737524
1.0050000000000008,67,dbpar,2.5,0.0004500344225754439
1.0050000000000008,67,dbpar,3.5,4.069576592456809e-05
1.0050000000000008,67,dbpar,4.5,1.2170135016440467e-05
1.0050000000000008,67,dbpar,5.5,4.991041741603064e-06
1.0050000000000008,67,dbpar,6.5,1.175250168336714e-06
1.0050000000000008,67,dbpar,7.5,5.003129019857884e-07
1.0050000000000008,67,dbpar,8.5,1.6140667640789269e-07
1.0050000000000008,67,dbpar,9.5,5.484584193009018e-08
1.0050000000000008,67,dbpar,10.5,2.254804312393053e-08
1.0050000000000008,67,dbpar,11.5,8.100802078558485e-09
1.0050000000000008,67,dbpar,12.5,3.8142367555922055e-09
1.0050000000000008,67,dbpar,13.5,1.6448006240393436e-09
1.0050000000000008,67,dbpar,14.5,5.928882401272897e-10
1.0050000000000008,67,dbpar,15.5,2.827144778264735e-10
1.0050000000000008,67,dbpar,16.5,1.1613414774938416e-10
1.0050000000000008,67,dbpar,17.5,6.029950458758576e-11
1.0050000000000008,67,dbpar,18.5,2.331009817250387e-11
1.0050000000000008,67,dbpar,19.5,9.579458981191926e-12
1.0050000000000008,67,dbpar,20.5,3.964166922883498e-12
1.0050000000000008,67,dbpar,21.5,1.6923548362412293e-12
1.0050000000000008,67,dbpar,22.5,4.404801112424369e-13
1.0050000000000008,67,dbpar,23.5,1.310582942979569e-13
1.0050000000000008,67,dbpar,24.5,4.94183286406332e-14
1.0050000000000008,67,dbpar,25.5,1.1521341123851564e-14
1.0050000000000008,67,dbpar,26.5,3.348471579390112e-15
1.0050000000000008,67,dbpar,27.5,6.820651773159916e-16
1.0050000000000008,67,dbpar,28.5,1.3471715628229428e-16
1.0050000000000008,67,dbpar,29.5,5.041775720062126e-17
1.0050000000000008,67,dbpar,30.5,0.0
1.0050000000000008,67,dbpar,31.5,0.0
1.0050000000000008,67,dbpar,32.5,0.0
1.0050000000000008,67,dbpar,33.5,0.0
1.0050000000000008,67,dbpar,34.5,0.0
1.0050000000000008,67,dbpar,35.5,0.0
1.0050000000000008,67,dbpar,36.5,0.0
1.0050000000000008,67,dbpar,37.5,0.0
1.0050000000000008,67,dbpar,38.5,0.0
1.0050000000000008,67,dbpar,39.5,0.0
1.0050000000000008,67,dbpar,40.5,0.0
1.0050000000000008,67,dbpar,41.5,0.0
1.0050000000000008,67,dbpar,42.5,0.0
1.0050000000000008,67,dbpar,43.5,0.0
1.0050000000000008,67,dbpar,44.5,0.0
1.0050000000000008,67,dbpar,45.5,0.0
1.0050000000000008,67,z_plus,0.5,0.0
1.0050000000000008,67,z_plus,1.5,0.04410943566431833
1.0050000000000008,67,z_plus,2.5,0.11606856553885829
1.0050000000000008,67,z_plus,3.5,0.02229514127159898
1.0050000000000008,67,z_plus,4.5,0.004542463544571555
1.0050000000000008,67,z_plus,5.5,0.002018246212275202
1.0050000000000008,67,z_plus,6.5,0.00039136934521368633
1.0050000000000008,67,z_plus,7.5,0.00022541212294898327
1.0050000000000008,67,z_plus,8.5,7.088243393651361e-05
1.0050000000000008,67,z_plus,9.5,2.914674703068763e-05
1.0050000000000008,67,z_plus,10.5,1.084611624609743e-05
1.0050000000000008,67,z_plus,11.5,4.488465532582633e-06
1.0050000000000008,67,z_plus,12.5,2.3243948032780534e-06
1.0050000000000008,67,z_plus,13.5,8.971185570033178e-07
1.0050000000000008,67,z_plus,14.5,4.206055757794438e-07
1.0050000000000008,67,z_plus,15.5,1.798384701230973e-07
1.0050000000000008,67,z_plus,16.5,8.324194792942813e-08
1.0050000000000008,67,z_plus,17.5,4.0260671558793224e-08
1.0050000000000008,67,z_plus,18.5,1.696783180683083e-08
1.0050000000000008,67,z_plus,19.5,6.871282232562544e-09
1.0050000000000008,67,z_plus,20.5,3.4048558099405815e-09
1.0050000000000008,67,z_plus,21.5,1.5263689773431564e-09
1.0050000000000008,67,z_plus,22.5,1.5358926576607318e-10
1.0050000000000008,67,z_plus,23.5,3.0022604406973424e-11
1.0050000000000008,67,z_plus,24.5,8.788840516474096e-12
1.0050000000000008,67,z_plus,25.5,2.0706373275705003e-12
1.0050000000000008,67,z_plus,26.5,6.111718855798897e-13
1.0050000000000008,67,z_plus,27.5,1.4358872228315438e-13
1.0050000000000008,67,z_plus,28.5,3.026550431011912e-14
1.0050000000000008,67,z_plus,29.5,1.3531642903153463e-14
1.0050000000000008,67,z_plus,30.5,0.0
1.0050000000000008,67,z_plus,31.5,0.0
1.0050000000000008,67,z_plus,32.5,0.0
1.0050000000000008,67,z_plus,33.5,0.0
1.0050000000000008,67,z_plus,34.5,0.0
1.0050000000000008,67,z_plus,35.5,0.0
1.0050000000000008,67,z_plus,36.5,0.0
1.0050000000000008,67,z_plus,37.5,0.0
1.0050000000000008,67,z_plus,38.5,0.0
1.0050000000000008,67,z_plus,39.5,0.0
1.0050000000000008,67,z_plus,40.5,0.0
1.0050000000000008,67,z_plus,41.5,0.0
1.0050000000000008,67,z_plus,42.5,0.0
1.0050000000000008,67,z_plus,43.5,0.0
1.0050000000000008,67,z_plus,44.5,0.0
1.0050000000000008,67,z_plus,45.5,0.0
1.0050000000000008,67,z_minus,0.5,0.0
1.0050000000000008,67,z_minus,1.5,0.025796440804801174
1.0050000000000008,67,z_minus,2.5,0.11201292834579823
1.0050000000000008,67,z_minus,3.5,0.008471696163126244
1.0050000000000008,67,z_minus,4.5,0.0047506440209681275
1.0050000000000008,67,z_minus,5.5,0.002230098020040274
1.0050000000000008,67,z_minus,6.5,0.0005134734584546253
1.0050000000000008,67,z_minus,7.5,0.00020939486873513402
1.0050000000000008,67,z_minus,8.5,8.500818060408142e-05
1.0050000000000008,67,z_minus,9.5,3.356059287073466e-05
1.0050000000000008,67,z_minus,10.5,1.6309597437416812e-05
1.0050000000000008,67,z_minus,11.5,6.573751924930956e-06
1.0050000000000008,67,z_minus,12.5,3.813393335404796e-06
1.0050000000000008,67,z_minus,13.5,1.7694180781118173e-06
1.0050000000000008,67,z_minus,14.5,7.352018714222996e-07
1.0050000000000008,67,z_minus,15.5,3.982041593182821e-07
1.0050000000000008,67,z_minus,16.5,1.60639414277619e-07
1.0050000000000008,67,z_minus,17.5,9.771123247870867e-08
1.0050000000000008,67,z_minus,18.5,3.602491743542744e-08
1.0050000000000008,67,z_minus,19.5,1.6329826299287037e-08
1.0050000000000008,67,z_minus,20.5,6.933146744947902e-09
1.0050000000000008,67,z_minus,21.5,3.3859094913963296e-09
1.0050000000000008,67,z_minus,22.5,1.1710554495273466e-09
1.0050000000000008,67,z_minus,23.5,4.1570348140981656e-10
1.0050000000000008,67,z_minus,24.5,1.6412560988571654e-10
1.0050000000000008,67,z_minus,25.5,4.569402723829821e-11
1.0050000000000008,67,z_minus,26.5,1.126240981840347e-11
1.0050000000000008,67,z_minus,27.5,2.5977708772781134e-12
1.0050000000000008,67,z_minus,28.5,4.2884002607322427e-13
1.0050000000000008,67,z_minus,29.5,1.4669424264847132e-13
1.0050000000000008,67,z_minus,30.5,0.0
1.0050000000000008,67,z_minus,31.5,0.0
1.0050000000000008,67,z_minus,32.5,0.0
1.0050000000000008,67,z_minus,33.5,0.0
1.0050000000000008,67,z_minus,34.5,0.0
1.0050000000000008,67,z_minus,35.5,0.0
1.0050000000000008,67,z_minus,36.5,0.0
1.0050000000000008,67,z_minus,37.5,0.0
1.0050000000000008,67,z_minus,38.5,0.0
1.0050000000000008,67,z_minus,39.5,0.0
1.0050000000000008,67,z_minus,40.5,0.0
1.0050000000000008,67,z_minus,41.5,0.0
1.0050000000000008,67,z_minus,42.5,0.0
1.0050000000000008,67,z_minus,43.5,0.0
1.0050000000000008,67,z_minus,44.5,0.0
1.0050000000000008,67,z_minus,45.5,0.0
2.0031746597796087,140,u_perp,0.5,0.0
2.0031746597796087,140,u_perp,1.5,0.07308146286474099
2.0031746597796087,140,u_perp,2.5,0.12689205614263935
2.0031746597796087,140,u_perp,3.5,0.03347205018215948
2.0031746597796087,140,u_perp,4.5,0.013389234681345879
2.0031746597796087,140,u_perp,5.5,0.010056750821613971
2.0031746597796087,140,u_perp,6.5,0.003731444312400836
2.0031746597796087,140,u_perp,7.5,0.003207396019047183
2.0031746597796087,140,u_perp,8.5,0.00255899758619947
2.0031746597796087,140,u_perp,9.5,0.0015352355128640178
2.0031746597796087,140,u_perp,10.5,0.0011459658481771402
2.0031746597796087,140,u_perp,11.5,0.000783750141954645
2.0031746597796087,140,u_perp,12.5,0.0007008012119732589
2.0031746597796087,140,u_perp,13.5,0.0004144924088516269
2.0031746597796087,140,u_perp,14.5,0.00026820367176052536
2.0031746597796087,140,u_perp,15.5,0.00020355313050812962
2.0031746597796087,140,u_perp,16.5,0.00013093677026109675
2.0031746597796087,140,u_perp,17.5,0.00010527112295444815
2.0031746597796087,140,u_perp,18.5,6.999224729528069e-05
2.0031746597796087,140,u_perp,19.5,3.9912443183896476e-05
2.0031746597796087,140,u_perp,20.5,2.9004342786529697e-05
2.0031746597796087,140,u_perp,21.5,2.3124675296802643e-05
2.0031746597796087,140,u_perp,22.5,5.445473499992207e-06
2.0031746597796087,140,u_perp,23.5,2.092527373996156e-06
2.0031746597796087,140,u_perp,24.5,1.0117022008869237e-06
2.0031746597796087,140,u_perp,25.5,3.6973468450983476e-07
2.0031746597796087,140,u_perp,26.5,1.316719137875221e-07
2.0031746597796087,140,u_perp,27.5,4.358870268906792e-08
2.0031746597796087,140,u_perp,28.5,8.391011792418236e-09
2.0031746597796087,140,u_perp,29.5,4.363789334630408e-09
2.0031746597796087,140,u_perp,30.5,0.0
2.0031746597796087,140,u_perp,31.5,0.0
2.0031746597796087,140,u_perp,32.5,0.0
2.0031746597796087,140,u_perp,33.5,0.0
2.0031746597796087,140,u_perp,34.5,0.0
2.0031746597796087,140,u_perp,35.5,0.0
2.0031746597796087,140,u_perp,36.5,0.0
2.0031746597796087,140,u_perp,37.5,0.0
2.0031746597796087,140,u_perp,38.5,0.0
2.0031746597796087,140,u_perp,39.5,0.0
2.0031746597796087,140,u_perp,40.5,0.0
2.0031746597796087,140,u_perp,41.5,0.0
2.0031746597796087,140,u_perp,42.5,0.0
2.0031746597796087,140,u_perp,43.5,0.0
2.0031746597796087,140,u_perp,44.5,0.0
2.0031746597796087,140,u_perp,45.5,0.0
2.0031746597796087,140,b_perp,0.5,0.0
2.0031746597796087,140,b_perp,1.5,0.07323693801767905
2.0031746597796087,140,b_perp,2.5,0.1568795875112696
2.0031746597796087,140,b_perp,3.5,0.040693625596401745
2.0031746597796087,140,b_perp,4.5,0.028295374281926286
2.0031746597796087,140,b_perp,5.5,0.018567779288021002
2.0031746597796087,140,b_perp,6.5,0.008822811297586879
2.0031746597796087,140,b_perp,7.5,0.006996910799428995
2.0031746597796087,140,b_perp,8.5,0.005066804686297425
2.0031746597796087,140,b_perp,9.5,0.0033210981349279856
2.0031746597796087,140,b_perp,10.5,0.0027772051614893974
2.0031746597796087,140,b_perp,11.5,0.0016122256769931502
2.0031746597796087,140,b_perp,12.5,0.0013225355046151068
2.0031746597796087,140,b_perp,13.5,0.0008829220153699942
2.0031746597796087,140,b_perp,14.5,0.0005889182959968834
2.0031746597796087,140,b_perp,15.5,0.0004304526527049859
2.0031746597796087,140,b_perp,16.5,0.0003134241990005262
2.0031746597796087,140,b_perp,17.5,0.00023555626515087274
2.0031746597796087,140,b_perp,18.5,0.00015916711204319229
2.0031746597796087,140,b_perp,19.5,9.533723884184678e-05
2.0031746597796087,140,b_perp,20.5,6.488023501061817e-05
2.0031746597796087,140,b_perp,21.5,5.052149370087356e-05
2.0031746597796087,140,b_perp,22.5,1.48092595313585e-05
2.0031746597796087,140,b_perp,23.5,6.89539397941811e-06
2.0031746597796087,140,b_perp,24.5,3.0522874284514996e-06
2.0031746597796087,140,b_perp,25.5,1.2334649492998773e-06
2.0031746597796087,140,b_perp,26.5,3.752639011321546e-07
2.0031746597796087,140,b_perp,27.5,1.423033024030445e-07
2.0031746597796087,140,b_perp,28.5,2.9977301314850416e-08
2.0031746597796087,140,b_perp,29.5,1.5457837022278266e-08
2.0031746597796087,140,b_perp,30.5,0.0
2.0031746597796087,140,b_perp,31.5,0.0
2.0031746597796087,140,b_perp,32.5,0.0
2.0031746597796087,140,b_perp,33.5,0.0
2.0031746597796087,140,b_perp,34.5,0.0
2.0031746597796087,140,b_perp,35.5,0.0
2.0031746597796087,140,b_perp,36.5,0.0
2.0031746597796087,140,b_perp,37.5,0.0
2.0031746597796087,140,b_perp,38.5,0.0
2.0031746597796087,140,b_perp,39.5,0.0
2.0031746597796087,140,b_perp,40.5,0.0
2.0031746597796087,140,b_perp,41.5,0.0
2.0031746597796087,140,b_perp,42.5,0.0
2.0031746597796087,140,b_perp,43.5,0.0
2.0031746597796087,140,b_perp,44.5,0.0
2.0031746597796087,140,b_perp,45.5,0.0
2.0031746597796087,140,upar,0.5,7.49694568999911e-05
2.0031746597796087,140,upar,1.5,0.00032773909660854887
2.0031746597796087,140,upar,2.5,0.000501947306495811
2.0031746597796087,140,upar,3.5,0.00019809182393275247
2.0031746597796087,140,upar,4.5,0.00010255901976431218
2.0031746597796087,140,upar,5.5,6.179367145419423e-05
2.0031746597796087,140,upar,6.5,2.5175560606584272e-05
2.0031746597796087,140,upar,7.5,1.6943742193973164e-05
2.0031746597796087,140,upar,8.5,1.18277298888659e-05
2.0031746597796087,140,upar,9.5,6.759736484028225e-06
2.0031746597796087,140,upar,10.5,5.613828296082367e-06
2.0031746597796087,140,upar,11.5,3.413691948507776e-06
2.0031746597796087,140,upar,12.5,2.799223755452201e-06
2.0031746597796087,140,upar,13.5,1.7832791502332978e-06
2.0031746597796087,140,upar,14.5,1.2198899336898064e-06
2.0031746597796087,140,upar,15.5,8.091376181557172e-07
2.0031746597796087,140,upar,16.5,5.264771028412157e-07
2.0031746597796087,140,upar,17.5,3.7072938922353283e-07
2.0031746597796087,140,upar,18.5,2.3465960145407924e-07
2.0031746597796087,140,upar,19.5,1.2630676572443378e-07
2.0031746597796087,140,upar,20.5,8.79290764209478e-08
2.0031746597796087,140,upar,21.5,5.83588222022721e-08
2.0031746597796087,140,upar,22.5,1.3525669260108348e-08
2.0031746597796087,140,upar,23.5,5.236916886826533e-09
2.0031746597796087,140,upar,24.5,2.229387629355566e-09
2.0031746597796087,140,upar,25.5,7.04671005634205e-10
2.0031746597796087,140,upar,26.5,2.6346915035838935e-10
2.0031746597796087,140,upar,27.5,8.284024355509883e-11
2.0031746597796087,140,upar,28.5,1.8768243920321703e-11
2.0031746597796087,140,upar,29.5,9.898403374256345e-12
2.0031746597796087,140,upar,30.5,0.0
2.0031746597796087,140,upar,31.5,0.0
2.0031746597796087,140,upar,32.5,0.0
2.0031746597796087,140,upar,33.5,0.0
2.0031746597796087,140,upar,34.5,0.0
2.0031746597796087,140,upar,35.5,0.0
2.0031746597796087,140,upar,36.5,0.0
2.0031746597796087,140,upar,37.5,0.0
2.0031746597796087,140,upar,38.5,0.0
2.0031746597796087,140,upar,39.5,0.0
2.0031746597796087,140,upar,40.5,0.0
2.0031746597796087,140,upar,41.5,0.0
2.0031746597796087,140,upar,42.5,0.0
2.0031746597796087,140,upar,43.5,0.0
2.0031746597796087,140,upar,44.5,0.0
2.0031746597796087,140,upar,45.5,0.0
2.0031746597796087,140,dbpar,0.5,0.0003160805851567512
2.0031746597796087,140,dbpar,1.5,0.0005652263095068422
2.0031746597796087,140,dbpar,2.5,0.000624850177258799
2.0031746597796087,140,dbpar,3.5,0.0002021436337398641
2.0031746597796087,140,dbpar,4.5,0.00010596234617805768
2.0031746597796087,140,dbpar,5.5,5.9960831128534704e-05
2.0031746597796087,140,dbpar,6.5,2.4322179932735082e-05
2.0031746597796087,140,dbpar,7.5,2.0337146806794774e-05
2.0031746597796087,140,dbpar,8.5,1.1926659310497986e-05
2.0031746597796087,140,dbpar,9.5,7.357249744718868e-06
2.0031746597796087,140,dbpar,10.5,5.434666337731547e-06
2.0031746597796087,140,dbpar,11.5,3.1275978339708548e-06
2.0031746597796087,140,dbpar,12.5,2.86285248390004e-06
2.0031746597796087,140,dbpar,13.5,1.8854136923863473e-06
2.0031746597796087,140,dbpar,14.5,1.1579248996767304e-06
2.0031746597796087,140,dbpar,15.5,7.934494565680192e-07
2.0031746597796087,140,dbpar,16.5,5.24824561211909e-07
2.0031746597796087,140,dbpar,17.5,3.685958872299642e-07
2.0031746597796087,140,dbpar,18.5,2.280529723532893e-07
2.0031746597796087,140,dbpar,19.5,1.3827749027725847e-07
2.0031746597796087,140,dbpar,20.5,8.880499533892708e-08
2.0031746597796087,140,dbpar,21.5,6.154797410282726e-08
2.0031746597796087,140,dbpar,22.5,1.4997809988436374e-08
2.0031746597796087,140,dbpar,23.5,5.365374854453202e-09
2.0031746597796087,140,dbpar,24.5,2.3870573058894707e-09
2.0031746597796087,140,dbpar,25.5,8.976600054128833e-10
2.0031746597796087,140,dbpar,26.5,3.1723743950550073e-10
2.0031746597796087,140,dbpar,27.5,1.1493867093905404e-10
2.0031746597796087,140,dbpar,28.5,2.6022821627450358e-11
2.0031746597796087,140,dbpar,29.5,1.3328710035540286e-11
2.0031746597796087,140,dbpar,30.5,0.0
2.0031746597796087,140,dbpar,31.5,0.0
2.0031746597796087,140,dbpar,32.5,0.0
2.0031746597796087,140,dbpar,33.5,0.0
2.0031746597796087,140,dbpar,34.5,0.0
2.0031746597796087,140,dbpar,35.5,0.0
2.0031746597796087,140,dbpar,36.5,0.0
2.0031746597796087,140,dbpar,37.5,0.0
2.0031746597796087,140,dbpar,38.5,0.0
2.0031746597796087,140,dbpar,39.5,0.0
2.0031746597796087,140,dbpar,40.5,0.0
2.0031746597796087,140,dbpar,41.5,0.0
2.0031746597796087,140,dbpar,42.5,0.0
2.0031746597796087,140,dbpar,43.5,0.0
2.0031746597796087,140,dbpar,44.5,0.0
2.0031746597796087,140,dbpar,45.5,0.0
2.0031746597796087,140,z_plus,0.5,0.0
2.0031746597796087,140,z_plus,1.5,0.07933015298506665
2.0031746597796087,140,z_plus,2.5,0.13157684530579555
2.0031746597796087,140,z_plus,3.5,0.04367483915373413
2.0031746597796087,140,z_plus,4.5,0.023179299814307695
2.0031746597796087,140,z_plus,5.5,0.015215023546948366
2.0031746597796087,140,z_plus,6.5,0.006164734206249642
2.0031746597796087,140,z_plus,7.5,0.00522127226198265
2.0031746597796087,140,z_plus,8.5,0.003605263216452079
2.0031746597796087,140,z_plus,9.5,0.0022620360347889133
2.0031746597796087,140,z_plus,10.5,0.0017918495053486263
2.0031746597796087,140,z_plus,11.5,0.001059434578243043
2.0031746597796087,140,z_plus,12.5,0.0008817522385387203
2.0031746597796087,140,z_plus,13.5,0.0005610148597017144
2.0031746597796087,140,z_plus,14.5,0.0003700646460159937
2.0031746597796087,140,z_plus,15.5,0.00028166797858126847
2.0031746597796087,140,z_plus,16.5,0.00018832292716671056
2.0031746597796087,140,z_plus,17.5,0.00014498799958680147
2.0031746597796087,140,z_plus,18.5,9.938010717875793e-05
2.0031746597796087,140,z_plus,19.5,5.9677718912264115e-05
2.0031746597796087,140,z_plus,20.5,3.8173180192370636e-05
2.0031746597796087,140,z_plus,21.5,2.8826752394924075e-05
2.0031746597796087,140,z_plus,22.5,8.386069326688047e-06
2.0031746597796087,140,z_plus,23.5,3.5917390540630394e-06
2.0031746597796087,140,z_plus,24.5,1.6386014967575193e-06
2.0031746597796087,140,z_plus,25.5,6.686266731600437e-07
2.0031746597796087,140,z_plus,26.5,2.065803697150915e-07
2.0031746597796087,140,z_plus,27.5,7.940885434522402e-08
2.0031746597796087,140,z_plus,28.5,1.690605989796544e-08
2.0031746597796087,140,z_plus,29.5,9.296190292025668e-09
2.0031746597796087,140,z_plus,30.5,0.0
2.0031746597796087,140,z_plus,31.5,0.0
2.0031746597796087,140,z_plus,32.5,0.0
2.0031746597796087,140,z_plus,33.5,0.0
2.0031746597796087,140,z_plus,34.5,0.0
2.0031746597796087,140,z_plus,35.5,0.0
2.0031746597796087,140,z_plus,36.5,0.0
2.0031746597796087,140,z_plus,37.5,0.0
2.0031746597796087,140,z_plus,38.5,0.0
2.0031746597796087,140,z_plus,39.5,0.0
2.0031746597796087,140,z_plus,40.5,0.0
2.0031746597796087,140,z_plus,41.5,0.0
2.0031746597796087,140,z_plus,42.5,0.0
2.0031746597796087,140,z_plus,43.5,0.0
2.0031746597796087,140,z_plus,44.5,0.0
2.0031746597796087,140,z_plus,45.5,0.0
2.0031746597796087,140,z_minus,0.5,0.0
2.0031746597796087,140,z_minus,1.5,0.06698824789735339
2.0031746597796087,140,z_minus,2.5,0.15219479834811347
2.0031746597796087,140,z_minus,3.5,0.030490836624827166
2.0031746597796087,140,z_minus,4.5,0.01850530914896452
2.0031746597796087,140,z_minus,5.5,0.013409506562686618
2.0031746597796087,140,z_minus,6.5,0.006389521403738063
2.0031746597796087,140,z_minus,7.5,0.004983034556493515
2.0031746597796087,140,z_minus,8.5,0.00402053905604482
2.0031746597796087,140,z_minus,9.5,0.00259429761300309
2.0031746597796087,140,z_minus,10.5,0.002131321504317913
2.0031746597796087,140,z_minus,11.5,0.0013365412407047544
2.0031746597796087,140,z_minus,12.5,0.001141584478049646
2.0031746597796087,140,z_minus,13.5,0.0007363995645199067
2.0031746597796087,140,z_minus,14.5,0.0004870573217414151
2.0031746597796087,140,z_minus,15.5,0.00035233780463184725
2.0031746597796087,140,z_minus,16.5,0.0002560380420949123
2.0031746597796087,140,z_minus,17.5,0.00019583938851851918
2.0031746597796087,140,z_minus,18.5,0.0001297792521597153
2.0031746597796087,140,z_minus,19.5,7.557196311347952e-05
2.0031746597796087,140,z_minus,20.5,5.571139760477721e-05
2.0031746597796087,140,z_minus,21.5,4.481941660275219e-05
2.0031746597796087,140,z_minus,22.5,1.1868663704662673e-05
2.0031746597796087,140,z_minus,23.5,5.396182299351229e-06
2.0031746597796087,140,z_minus,24.5,2.4253881325809014e-06
2.0031746597796087,140,z_minus,25.5,9.345729606496728e-07
2.0031746597796087,140,z_minus,26.5,3.003554452045857e-07
2.0031746597796087,140,z_minus,27.5,1.0648315074688871e-07
2.0031746597796087,140,z_minus,28.5,2.1462253209303233e-08
2.0031746597796087,140,z_minus,29.5,1.0525436064883007e-08
2.0031746597796087,140,z_minus,30.5,0.0
2.0031746597796087,140,z_minus,31.5,0.0
2.0031746597796087,140,z_minus,32.5,0.0
2.0031746597796087,140,z_minus,33.5,0.0
2.0031746597796087,140,z_minus,34.5,0.0
2.0031746597796087,140,z_minus,35.5,0.0
2.0031746597796087,140,z_minus,36.5,0.0
2.0031746597796087,140,z_minus,37.5,0.0
2.0031746597796087,140,z_minus,38.5,0.0
2.0031746597796087,140,z_minus,39.5,0.0
2.0031746597796087,140,z_minus,40.5,0.0
2.0031746597796087,140,z_minus,41.5,0.0
2.0031746597796087,140,z_minus,42.5,0.0
2.0031746597796087,140,z_minus,43.5,0.0
2.0031746597796087,140,z_minus,44.5,0.0
2.0031746597796087,140,z_minus,45.5,0.0
3.000897399522725,241,u_perp,0.5,0.0
3.000897399522725,241,u_perp,1.5,0.09336037548792217
3.000897399522725,241,u_perp,2.5,0.18381407051204224
3.000897399522725,241,u_perp,3.5,0.0491504035357651
3.000897399522725,241,u_perp,4.5,0.023875912944491165
3.000897399522725,241,u_perp,5.5,0.019619400221317737
3.000897399522725,241,u_perp,6.5,0.011086665578498694
3.000897399522725,241,u_perp,7.5,0.007758096224139379
3.000897399522725,241,u_perp,8.5,0.0067061322326108
3.000897399522725,241,u_perp,9.5,0.004631335975183117
3.000897399522725,241,u_perp,10.5,0.003754390195993702
3.000897399522725,241,u_perp,11.5,0.0026518792155338054
3.000897399522725,241,u_perp,12.5,0.002511533090445561
3.000897399522725,241,u_perp,13.5,0.0019416213695743628
3.000897399522725,241,u_perp,14.5,0.0012927056913060943
3.000897399522725,241,u_perp,15.5,0.00108227633524609
3.000897399522725,241,u_perp,16.5,0.0008098073300096293
3.000897399522725,241,u_perp,17.5,0.000648582459123327
3.000897399522725,241,u_perp,18.5,0.0004634648843185632
3.000897399522725,241,u_perp,19.5,0.0003192415966705918
3.000897399522725,241,u_perp,20.5,0.000236215624968254
3.000897399522725,241,u_perp,21.5,0.00019146000471227808
3.000897399522725,241,u_perp,22.5,5.9475504006970005e-05
3.000897399522725,241,u_perp,23.5,2.223701421232885e-05
3.000897399522725,241,u_perp,24.5,1.1628610888840008e-05
3.000897399522725,241,u_perp,25.5,4.8290621853309565e-06
3.000897399522725,241,u_perp,26.5,2.053096036216509e-06
3.000897399522725,241,u_perp,27.5,6.794948613764706e-07
3.000897399522725,241,u_perp,28.5,1.859964607099013e-07
3.000897399522725,241,u_perp,29.5,9.290381642228033e-08
3.000897399522725,241,u_perp,30.5,0.0
3.000897399522725,241,u_perp,31.5,0.0
3.000897399522725,241,u_perp,32.5,0.0
3.000897399522725,241,u_perp,33.5,0.0
3.000897399522725,241,u_perp,34.5,0.0
3.000897399522725,241,u_perp,35.5,0.0
3.000897399522725,241,u_perp,36.5,0.0
3.000897399522725,241,u_perp,37.5,0.0
3.000897399522725,241,u_perp,38.5,0.0
3.000897399522725,241,u_perp,39.5,0.0
3.000897399522725,241,u_perp,40.5,0.0
3.000897399522725,241,u_perp,41.5,0.0
3.000897399522725,241,u_perp,42.5,0.0
3.000897399522725,241,u_perp,43.5,0.0
3.000897399522725,241,u_perp,44.5,0.0
3.000897399522725,241,u_perp,45.5,0.0
3.000897399522725,241,b_perp,0.5,0.0
3.000897399522725,241,b_perp,1.5,0.10010681977289106
3.000897399522725,241,b_perp,2.5,0.15776743883797278
3.000897399522725,241,b_perp,3.5,0.07618627257914991
3.000897399522725,241,b_perp,4.5,0.046205558966013235
3.000897399522725,241,b_perp,5.5,0.03391901669216352
3.000897399522725,241,b_perp,6.5,0.01869705251112084
3.000897399522725,241,b_perp,7.5,0.017058145506972742
3.000897399522725,241,b_perp,8.5,0.011971312655640949
3.000897399522725,241,b_perp,9.5,0.00765539978190528
3.000897399522725,241,b_perp,10.5,0.006820665678353626
3.000897399522725,241,b_perp,11.5,0.004419552787906211
3.000897399522725,241,b_perp,12.5,0.004285675329860813
3.000897399522725,241,b_perp,13.5,0.003121755826880341
3.000897399522725,241,b_perp,14.5,0.0021776095624088058
3.000897399522725,241,b_perp,15.5,0.0016752307460510718
3.000897399522725,241,b_perp,16.5,0.0012307788274843459
3.000897399522725,241,b_perp,17.5,0.001098166719709345
3.000897399522725,241,b_perp,18.5,0.0007732188309299131
3.000897399522725,241,b_perp,19.5,0.0005395124718966958
3.000897399522725,241,b_perp,20.5,0.0003942604026565424
3.000897399522725,241,b_perp,21.5,0.0003153413470065618
3.000897399522725,241,b_perp,22.5,0.0001026093205515741
3.000897399522725,241,b_perp,23.5,4.61281632915292e-05
3.000897399522725,241,b_perp,24.5,2.554034012467177e-05
3.000897399522725,241,b_perp,25.5,1.1412512623349417e-05
3.000897399522725,241,b_perp,26.5,5.11737081181577e-06
3.000897399522725,241,b_perp,27.5,1.9137262399376477e-06
3.000897399522725,241,b_perp,28.5,5.794280033160899e-07
3.000897399522725,241,b_perp,29.5,3.1960009004583384e-07
3.000897399522725,241,b_perp,30.5,0.0
3.000897399522725,241,b_perp,31.5,0.0
3.000897399522725,241,b_perp,32.5,0.0
3.000897399522725,241,b_perp,33.5,0.0
3.000897399522725,241,b_perp,34.5,0.0
3.000897399522725,241,b_perp,35.5,0.0
3.000897399522725,241,b_perp,36.5,0.0
3.000897399522725,241,b_perp,37.5,0.0
3.000897399522725,241,b_perp,38.5,0.0
3.000897399522725,241,b_perp,39.5,0.0
3.000897399522725,241,b_perp,40.5,0.0
3.000897399522725,241,b_perp,41.5,0.0
3.000897399522725,241,b_perp,42.5,0.0
3.000897399522725,241,b_perp,43.5,0.0
3.000897399522725,241,b_perp,44.5,0.0
3.000897399522725,241,b_perp,45.5,0.0
3.000897399522725,241,upar,0.5,0.00032302794632702177
3.000897399522725,241,upar,1.5,0.0006058236337876359
3.000897399522725,241,upar,2.5,0.0005418878817812422
3.000897399522725,241,upar,3.5,0.00022111292640389108
3.000897399522725,241,upar,4.5,0.0001497060731559834
3.000897399522725,241,upar,5.5,0.00013206581845164595
3.000897399522725,241,upar,6.5,7.616791677159622e-05
3.000897399522725,241,upar,7.5,6.0563288716696705e-05
3.000897399522725,241,upar,8.5,4.424565256444868e-05
3.000897399522725,241,upar,9.5,2.9147786810680523e-05
3.000897399522725,241,upar,10.5,2.572890790747172e-05
3.000897399522725,241,upar,11.5,1.6158435096417476e-05
3.000897399522725,241,upar,12.5,1.6078762184389937e-05
3.000897399522725,241,upar,13.5,1.0688228490640427e-05
3.000897399522725,241,upar,14.5,7.5873864925407154e-06
3.000897399522725,241,upar,15.5,5.776790991970443e-06
3.000897399522725,241,upar,16.5,4.04564440112355e-06
3.000897399522725,241,upar,17.5,3.3919299549283224e-06
3.000897399522725,241,upar,18.5,2.414749152314036e-06
3.000897399522725,241,upar,19.5,1.5058628914334075e-06
3.000897399522725,241,upar,20.5,1.086006154952438e-06
3.000897399522725,241,upar,21.5,8.969936204301176e-07
3.000897399522725,241,upar,22.5,2.3422323268353173e-07
3.000897399522725,241,upar,23.5,9.25922660856466e-08
3.000897399522725,241,upar,24.5,4.745885806464435e-08
3.000897399522725,241,upar,25.5,1.6927991054792045e-08
3.000897399522725,241,upar,26.5,6.583717492184711e-09
3.000897399522725,241,upar,27.5,2.3335391965132488e-09
3.000897399522725,241,upar,28.5,6.597801012092849e-10
3.000897399522725,241,upar,29.5,3.296294913224986e-10
3.000897399522725,241,upar,30.5,0.0
3.000897399522725,241,upar,31.5,0.0
3.000897399522725,241,upar,32.5,0.0
3.000897399522725,241,upar,33.5,0.0
3.000897399522725,241,upar,34.5,0.0
3.000897399522725,241,upar,35.5,0.0
3.000897399522725,241,upar,36.5,0.0
3.000897399522725,241,upar,37.5,0.0
3.000897399522725,241,upar,38.5,0.0
3.000897399522725,241,upar,39.5,0.0
3.000897399522725,241,upar,40.5,0.0
3.000897399522725,241,upar,41.5,0.0
3.000897399522725,241,upar,42.5,0.0
3.000897399522725,241,upar,43.5,0.0
3.000897399522725,241,upar,44.5,0.0
3.000897399522725,241,upar,45.5,0.0
3.000897399522725,241,dbpar,0.5,0.00023369251717425053
3.000897399522725,241,dbpar,1.5,0.0006557793668539317
3.000897399522725,241,dbpar,2.5,0.0006476881030671043
3.000897399522725,241,dbpar,3.5,0.0002577439795960427
3.000897399522725,241,dbpar,4.5,0.0001676632321968492
3.000897399522725,241,dbpar,5.5,0.00013621416728763257
3.000897399522725,241,dbpar,6.5,7.021383663910657e-05
3.000897399522725,241,dbpar,7.5,6.060935117298989e-05
3.000897399522725,241,dbpar,8.5,4.7944295115160594e-05
3.000897399522725,241,dbpar,9.5,2.7671188124483656e-05
3.000897399522725,241,dbpar,10.5,2.4987732943546814e-05
3.000897399522725,241,dbpar,11.5,1.626513942964072e-05
3.000897399522725,241,dbpar,12.5,1.498268378621559e-05
3.000897399522725,241,dbpar,13.5,1.0704721870536267e-05
3.000897399522725,241,dbpar,14.5,7.463871287535541e-06
3.000897399522725,241,dbpar,15.5,5.411279094614543e-06
3.000897399522725,241,dbpar,16.5,3.933679245124624e-06
3.000897399522725,241,dbpar,17.5,3.294962634008273e-06
3.000897399522725,241,dbpar,18.5,2.3278168516782767e-06
3.000897399522725,241,dbpar,19.5,1.4377676536173207e-06
3.000897399522725,241,dbpar,20.5,1.0395839006380812e-06
3.000897399522725,241,dbpar,21.5,7.741319126871738e-07
3.000897399522725,241,dbpar,22.5,2.2095267805271258e-07
3.000897399522725,241,dbpar,23.5,9.37298578347401e-08
3.000897399522725,241,dbpar,24.5,4.517467957222786e-08
3.000897399522725,241,dbpar,25.5,1.6314467170035197e-08
3.000897399522725,241,dbpar,26.5,6.492347370706574e-09
3.000897399522725,241,dbpar,27.5,2.3931793547916683e-09
3.000897399522725,241,dbpar,28.5,7.022746923554623e-10
3.000897399522725,241,dbpar,29.5,3.4377835248930014e-10
3.000897399522725,241,dbpar,30.5,0.0
3.000897399522725,241,dbpar,31.5,0.0
3.000897399522725,241,dbpar,32.5,0.0
3.000897399522725,241,dbpar,33.5,0.0
3.000897399522725,241,dbpar,34.5,0.0
3.000897399522725,241,dbpar,35.5,0.0
3.000897399522725,241,dbpar,36.5,0.0
3.000897399522725,241,dbpar,37.5,0.0
3.000897399522725,241,dbpar,38.5,0.0
3.000897399522725,241,dbpar,39.5,0.0
3.000897399522725,241,dbpar,40.5,0.0
3.000897399522725,241,dbpar,41.5,0.0
3.000897399522725,241,dbpar,42.5,0.0
3.000897399522725,241,dbpar,43.5,0.0
3.000897399522725,241,dbpar,44.5,0.0
3.000897399522725,241,dbpar,45.5,0.0
3.000897399522725,241,z_plus,0.5,0.0
3.000897399522725,241,z_plus,1.5,0.11855017175982527
3.000897399522725,241,z_plus,2.5,0.197339329226034
3.000897399522725,241,z_plus,3.5,0.08312740231505109
3.000897399522725,241,z_plus,4.5,0.034777081928417046
3.000897399522725,241,z_plus,5.5,0.029536370374704038
3.000897399522725,241,z_plus,6.5,0.01577397793279707
3.000897399522725,241,z_plus,7.5,0.013353015156005534
3.000897399522725,241,z_plus,8.5,0.01006098848473041
3.000897399522725,241,z_plus,9.5,0.006822061069582263
3.000897399522725,241,z_plus,10.5,0.005830659865195773
3.000897399522725,241,z_plus,11.5,0.0037532492954085333
3.000897399522725,241,z_plus,12.5,0.003485656753643683
3.000897399522725,241,z_plus,13.5,0.0026224708239770108
3.000897399522725,241,z_plus,14.5,0.0017477453963012511
3.000897399522725,241,z_plus,15.5,0.0013581631545232472
3.000897399522725,241,z_plus,16.5,0.0009973370984069202
3.000897399522725,241,z_plus,17.5,0.000852431699763232
3.000897399522725,241,z_plus,18.5,0.0006174749334905966
3.000897399522725,241,z_plus,19.5,0.00043184406088363306
3.000897399522725,241,z_plus,20.5,0.00029737709653524533
3.000897399522725,241,z_plus,21.5,0.00024402370199651442
3.000897399522725,241,z_plus,22.5,7.213967979863134e-05
3.000897399522725,241,z_plus,23.5,2.9910519725427693e-05
3.000897399522725,241,z_plus,24.5,1.7580897892027925e-05
3.000897399522725,241,z_plus,25.5,7.801490709045331e-06
3.000897399522725,241,z_plus,26.5,3.4176520927109285e-06
3.000897399522725,241,z_plus,27.5,1.2450121565712894e-06
3.000897399522725,241,z_plus,28.5,3.7997941709034855e-07
3.000897399522725,241,z_plus,29.5,2.0991358724932742e-07
3.000897399522725,241,z_plus,30.5,0.0
3.000897399522725,241,z_plus,31.5,0.0
3.000897399522725,241,z_plus,32.5,0.0
3.000897399522725,241,z_plus,33.5,0.0
3.000897399522725,241,z_plus,34.5,0.0
3.000897399522725,241,z_plus,35.5,0.0
3.000897399522725,241,z_plus,36.5,0.0
3.000897399522725,241,z_plus,37.5,0.0
3.000897399522725,241,z_plus,38.5,0.0
3.000897399522725,241,z_plus,39.5,0.0
3.000897399522725,241,z_plus,40.5,0.0
3.000897399522725,241,z_plus,41.5,0.0
3.000897399522725,241,z_plus,42.5,0.0
3.000897399522725,241,z_plus,43.5,0.0
3.000897399522725,241,z_plus,44.5,0.0
3.000897399522725,241,z_plus,45.5,0.0
3.000897399522725,241,z_minus,0.5,0.0
3.000897399522725,241,z_minus,1.5,0.074917023500988
3.000897399522725,241,z_minus,2.5,0.1442421801239816
3.000897399522725,241,z_minus,3.5,0.04220927379986367
3.000897399522725,241,z_minus,4.5,0.03530438998208733
3.000897399522725,241,z_minus,5.5,0.024002046538777227
3.000897399522725,241,z_minus,6.5,0.014009740156822489
3.000897399522725,241,z_minus,7.5,0.011463226575106603
3.000897399522725,241,z_minus,8.5,0.008616456403521341
3.000897399522725,241,z_minus,9.5,0.00546467468750615
3.000897399522725,241,z_minus,10.5,0.004744396009151544
3.000897399522725,241,z_minus,11.5,0.003318182708031485
3.000897399522725,241,z_minus,12.5,0.0033115516666626845
3.000897399522725,241,z_minus,13.5,0.0024409063724776937
3.000897399522725,241,z_minus,14.5,0.0017225698574136526
3.000897399522725,241,z_minus,15.5,0.0013993439267739065
3.000897399522725,241,z_minus,16.5,0.0010432490590870545
3.000897399522725,241,z_minus,17.5,0.0008943174790694375
3.000897399522725,241,z_minus,18.5,0.0006192087817578829
3.000897399522725,241,z_minus,19.5,0.00042691000768365695
3.000897399522725,241,z_minus,20.5,0.00033309893108955115
3.000897399522725,241,z_minus,21.5,0.0002627776497223269
3.000897399522725,241,z_minus,22.5,8.994514475991316e-05
3.000897399522725,241,z_minus,23.5,3.845465777843033e-05
3.000897399522725,241,z_minus,24.5,1.9588053121483862e-05
3.000897399522725,241,z_minus,25.5,8.440084099635029e-06
3.000897399522725,241,z_minus,26.5,3.752814755321355e-06
3.000897399522725,241,z_minus,27.5,1.3482089447428275e-06
3.000897399522725,241,z_minus,28.5,3.8544504693564263e-07
3.000897399522725,241,z_minus,29.5,2.025903192187864e-07
3.000897399522725,241,z_minus,30.5,0.0
3.000897399522725,241,z_minus,31.5,0.0
3.000897399522725,241,z_minus,32.5,0.0
3.000897399522725,241,z_minus,33.5,0.0
3.000897399522725,241,z_minus,34.5,0.0
3.000897399522725,241,z_minus,35.5,0.0
3.000897399522725,241,z_minus,36.5,0.0
3.000897399522725,241,z_minus,37.5,0.0
3.000897399522725,241,z_minus,38.5,0.0
3.000897399522725,241,z_minus,39.5,0.0
3.000897399522725,241,z_minus,40.5,0.0
3.000897399522725,241,z_minus,41.5,0.0
3.000897399522725,241,z_minus,42.5,0.0
3.000897399522725,241,z_minus,43.5,0.0
3.000897399522725,241,z_minus,44.5,0.0
3.000897399522725,241,z_minus,45.5,0.0
4.0,352,u_perp,0.5,0.0
4.0,352,u_perp,1.5,0.14721313439982553
4.0,352,u_perp,2.5,0.15676210700187218
4.0,352,u_perp,3.5,0.06831473592325343
4.0,352,u_perp,4.5,0.03064746661880511
4.0,352,u_perp,5.5,0.02727782967328149
4.0,352,u_perp,6.5,0.016632471376382546
4.0,352,u_perp,7.5,0.015489539534337748
4.0,352,u_perp,8.5,0.012957762285443236
4.0,352,u_perp,9.5,0.008738479124376499
4.0,352,u_perp,10.5,0.008094424480716076
4.0,352,u_perp,11.5,0.0057442930580086276
4.0,352,u_perp,12.5,0.005600333699760243
4.0,352,u_perp,13.5,0.004150046898683342
4.0,352,u_perp,14.5,0.0032543939061998746
4.0,352,u_perp,15.5,0.002654848511122099
4.0,352,u_perp,16.5,0.0019209048819902946
4.0,352,u_perp,17.5,0.0016277998141716141
4.0,352,u_perp,18.5,0.001168197537363437
4.0,352,u_perp,19.5,0.0007767942966933508
4.0,352,u_perp,20.5,0.0006002772456707304
4.0,352,u_perp,21.5,0.0004843950171741673
4.0,352,u_perp,22.5,0.0001577031872965311
4.0,352,u_perp,23.5,7.248813016948636e-05
4.0,352,u_perp,24.5,4.080225238236646e-05
4.0,352,u_perp,25.5,1.6136076676675886e-05
4.0,352,u_perp,26.5,6.857909373994889e-06
4.0,352,u_perp,27.5,2.5043905435215845e-06
4.0,352,u_perp,28.5,5.745189083667798e-07
4.0,352,u_perp,29.5,3.196014146760971e-07
4.0,352,u_perp,30.5,0.0
4.0,352,u_perp,31.5,0.0
4.0,352,u_perp,32.5,0.0
4.0,352,u_perp,33.5,0.0
4.0,352,u_perp,34.5,0.0
4.0,352,u_perp,35.5,0.0
4.0,352,u_perp,36.5,0.0
4.0,352,u_perp,37.5,0.0
4.0,352,u_perp,38.5,0.0
4.0,352,u_perp,39.5,0.0
4.0,352,u_perp,40.5,0.0
4.0,352,u_perp,41.5,0.0
4.0,352,u_perp,42.5,0.0
4.0,352,u_perp,43.5,0.0
4.0,352,u_perp,44.5,0.0
4.0,352,u_perp,45.5,0.0
4.0,352,b_perp,0.5,0.0
4.0,352,b_perp,1.5,0.11127616346566148
4.0,352,b_perp,2.5,0.1803982362379912
4.0,352,b_perp,3.5,0.08210554367907084
4.0,352,b_perp,4.5,0.0531241427553343
4.0,352,b_perp,5.5,0.04663653523599703
4.0,352,b_perp,6.5,0.02386205881630333
4.0,352,b_perp,7.5,0.023007768619837853
4.0,352,b_perp,8.5,0.019014770335984157
4.0,352,b_perp,9.5,0.013123764949069364
4.0,352,b_perp,10.5,0.012190453501393094
4.0,352,b_perp,11.5,0.008673774446877185
4.0,352,b_perp,12.5,0.008222197269468915
4.0,352,b_perp,13.5,0.006675590883929421
4.0,352,b_perp,14.5,0.004848075227585626
4.0,352,b_perp,15.5,0.0039818258116024905
4.0,352,b_perp,16.5,0.00294181541033409
4.0,352,b_perp,17.5,0.0025283974899289055
4.0,352,b_perp,18.5,0.0019449149323018569
4.0,352,b_perp,19.5,0.001332192287810517
4.0,352,b_perp,20.5,0.0010084081262102405
4.0,352,b_perp,21.5,0.0008169904522682001
4.0,352,b_perp,22.5,0.000287851167943248
4.0,352,b_perp,23.5,0.0001409628064789627
4.0,352,b_perp,24.5,8.399453194433742e-05
4.0,352,b_perp,25.5,3.571453331611927e-05
4.0,352,b_perp,26.5,1.710131250990129e-05
4.0,352,b_perp,27.5,6.539645426786638e-06
4.0,352,b_perp,28.5,2.0857194337932877e-06
4.0,352,b_perp,29.5,1.228383957120423e-06
4.0,352,b_perp,30.5,0.0
4.0,352,b_perp,31.5,0.0
4.0,352,b_perp,32.5,0.0
4.0,352,b_perp,33.5,0.0
4.0,352,b_perp,34.5,0.0
4.0,352,b_perp,35.5,0.0
4.0,352,b_perp,36.5,0.0
4.0,352,b_perp,37.5,0.0
4.0,352,b_perp,38.5,0.0
4.0,352,b_perp,39.5,0.0
4.0,352,b_perp,40.5,0.0
4.0,352,b_perp,41.5,0.0
4.0,352,b_perp,42.5,0.0
4.0,352,b_perp,43.5,0.0
4.0,352,b_perp,44.5,0.0
4.0,352,b_perp,45.5,0.0
4.0,352,upar,0.5,0.00036899889131956166
4.0,352,upar,1.5,0.0005948426833864487
4.0,352,upar,2.5,0.0005481066688008455
4.0,352,upar,3.5,0.0002659611087067609
4.0,352,upar,4.5,0.00019356239266347518
4.0,352,upar,5.5,0.00017492495929904026
4.0,352,upar,6.5,0.00010191287569977866
4.0,352,upar,7.5,9.436043312149155e-05
4.0,352,upar,8.5,7.54627654215513e-05
4.0,352,upar,9.5,5.1856452950664206e-05
4.0,352,upar,10.5,4.6152042405753376e-05
4.0,352,upar,11.5,3.340821730070635e-05
4.0,352,upar,12.5,3.1340533782174875e-05
4.0,352,upar,13.5,2.4202017341682767e-05
4.0,352,upar,14.5,1.8924349559754945e-05
4.0,352,upar,15.5,1.5007097105203316e-05
4.0,352,upar,16.5,1.1496460439634279e-05
4.0,352,upar,17.5,9.884402079199388e-06
4.0,352,upar,18.5,6.7865492611169905e-06
4.0,352,upar,19.5,4.836955708691093e-06
4.0,352,upar,20.5,3.5108608906929237e-06
4.0,352,upar,21.5,2.8959960036474037e-06
4.0,352,upar,22.5,1.0171243487188519e-06
4.0,352,upar,23.5,4.761380776913659e-07
4.0,352,upar,24.5,2.418875109762621e-07
4.0,352,upar,25.5,1.0068115179995438e-07
4.0,352,upar,26.5,4.1999136251012604e-08
4.0,352,upar,27.5,1.6333388591059107e-08
4.0,352,upar,28.5,4.7742167436651124e-09
4.0,352,upar,29.5,2.5601818003499875e-09
4.0,352,upar,30.5,0.0
4.0,352,upar,31.5,0.0
4.0,352,upar,32.5,0.0
4.0,352,upar,33.5,0.0
4.0,352,upar,34.5,0.0
4.0,352,upar,35.5,0.0
4.0,352,upar,36.5,0.0
4.0,352,upar,37.5,0.0
4.0,352,upar,38.5,0.0
4.0,352,upar,39.5,0.0
4.0,352,upar,40.5,0.0
4.0,352,upar,41.5,0.0
4.0,352,upar,42.5,0.0
4.0,352,upar,43.5,0.0
4.0,352,upar,44.5,0.0
4.0,352,upar,45.5,0.0
4.0,352,dbpar,0.5,0.0002179953456539318
4.0,352,dbpar,1.5,0.00062239998948814
4.0,352,dbpar,2.5,0.0006060209137343028
4.0,352,dbpar,3.5,0.00026843172699331285
4.0,352,dbpar,4.5,0.00019449471509795443
4.0,352,dbpar,5.5,0.00018755800384341966
4.0,352,dbpar,6.5,0.00011423738650456275
4.0,352,dbpar,7.5,0.00010264012376664619
4.0,352,dbpar,8.5,8.197482309031388e-05
4.0,352,dbpar,9.5,5.663803787047186e-05
4.0,352,dbpar,10.5,5.180874636471849e-05
4.0,352,dbpar,11.5,3.448134178233631e-05
4.0,352,dbpar,12.5,3.150737655309215e-05
4.0,352,dbpar,13.5,2.6187789097949772e-05
4.0,352,dbpar,14.5,1.8371065334712616e-05
4.0,352,dbpar,15.5,1.495043519099834e-05
4.0,352,dbpar,16.5,1.1221818081844642e-05
4.0,352,dbpar,17.5,9.53212433472855e-06
4.0,352,dbpar,18.5,6.4810575057678955e-06
4.0,352,dbpar,19.5,4.527699907225609e-06
4.0,352,dbpar,20.5,3.4870923152549673e-06
4.0,352,dbpar,21.5,3.009906806938923e-06
4.0,352,dbpar,22.5,1.0035461048247972e-06
4.0,352,dbpar,23.5,4.636515032040377e-07
4.0,352,dbpar,24.5,2.3816100805999769e-07
4.0,352,dbpar,25.5,9.765259700954588e-08
4.0,352,dbpar,26.5,4.350579594986823e-08
4.0,352,dbpar,27.5,1.4193964221284014e-08
4.0,352,dbpar,28.5,4.583840697285263e-09
4.0,352,dbpar,29.5,2.4697518048150877e-09
4.0,352,dbpar,30.5,0.0
4.0,352,dbpar,31.5,0.0
4.0,352,dbpar,32.5,0.0
4.0,352,dbpar,33.5,0.0
4.0,352,dbpar,34.5,0.0
4.0,352,dbpar,35.5,0.0
4.0,352,dbpar,36.5,0.0
4.0,352,dbpar,37.5,0.0
4.0,352,dbpar,38.5,0.0
4.0,352,dbpar,39.5,0.0
4.0,352,dbpar,40.5,0.0
4.0,352,dbpar,41.5,0.0
4.0,352,dbpar,42.5,0.0
4.0,352,dbpar,43.5,0.0
4.0,352,dbpar,44.5,0.0
4.0,352,dbpar,45.5,0.0
4.0,352,z_plus,0.5,0.0
4.0,352,z_plus,1.5,0.1742169815571127
4.0,352,z_plus,2.5,0.19730925483102896
4.0,352,z_plus,3.5,0.09996839655643874
4.0,352,z_plus,4.5,0.0509701570174319
4.0,352,z_plus,5.5,0.0416530102523238
4.0,352,z_plus,6.5,0.022693315702612574
4.0,352,z_plus,7.5,0.021688498262612866
4.0,352,z_plus,8.5,0.018989285487607838
4.0,352,z_plus,9.5,0.01224416549350339
4.0,352,z_plus,10.5,0.011068682859224058
4.0,352,z_plus,11.5,0.00823138818981905
4.0,352,z_plus,12.5,0.007732189454556428
4.0,352,z_plus,13.5,0.005845233763939029
4.0,352,z_plus,14.5,0.00448303765185394
4.0,352,z_plus,15.5,0.0038214766038480712
4.0,352,z_plus,16.5,0.0026727360448812417
4.0,352,z_plus,17.5,0.0022518914814932804
4.0,352,z_plus,18.5,0.0016324316933205936
4.0,352,z_plus,19.5,0.0011084278252875815
4.0,352,z_plus,20.5,0.0008254713149037903
4.0,352,z_plus,21.5,0.0006341669096677698
4.0,352,z_plus,22.5,0.00020801033596734426
4.0,352,z_plus,23.5,9.877316972518756e-05
4.0,352,z_plus,24.5,5.608956902985937e-05
4.0,352,z_plus,25.5,2.3466580657347063e-05
4.0,352,z_plus,26.5,1.058838382337251e-05
4.0,352,z_plus,27.5,4.162197372423975e-06
4.0,352,z_plus,28.5,1.1576543152215797e-06
4.0,352,z_plus,29.5,7.106959501713902e-07
4.0,352,z_plus,30.5,0.0
4.0,352,z_plus,31.5,0.0
4.0,352,z_plus,32.5,0.0
4.0,352,z_plus,33.5,0.0
4.0,352,z_plus,34.5,0.0
4.0,352,z_plus,35.5,0.0
4.0,352,z_plus,36.5,0.0
4.0,352,z_plus,37.5,0.0
4.0,352,z_plus,38.5,0.0
4.0,352,z_plus,39.5,0.0
4.0,352,z_plus,40.5,0.0
4.0,352,z_plus,41.5,0.0
4.0,352,z_plus,42.5,0.0
4.0,352,z_plus,43.5,0.0
4.0,352,z_plus,44.5,0.0
4.0,352,z_plus,45.5,0.0
4.0,352,z_minus,0.5,0.0
4.0,352,z_minus,1.5,0.0842723163083743
4.0,352,z_minus,2.5,0.1398510884088343
4.0,352,z_minus,3.5,0.05045188304588563
4.0,352,z_minus,4.5,0.03280145235670748
4.0,352,z_minus,5.5,0.032261354656954795
4.0,352,z_minus,6.5,0.01780121449007328
4.0,352,z_minus,7.5,0.016808809891562755
4.0,352,z_minus,8.5,0.012983247133819624
4.0,352,z_minus,9.5,0.00961807857994245
4.0,352,z_minus,10.5,0.00921619512288514
4.0,352,z_minus,11.5,0.006186679315066782
4.0,352,z_minus,12.5,0.006090341514672705
4.0,352,z_minus,13.5,0.004980404018673751
4.0,352,z_minus,14.5,0.003619431481931571
4.0,352,z_minus,15.5,0.0028151977188765197
4.0,352,z_minus,16.5,0.0021899842474431374
4.0,352,z_minus,17.5,0.0019043058226072397
4.0,352,z_minus,18.5,0.0014806807763447067
4.0,352,z_minus,19.5,0.0010005587592162865
4.0,352,z_minus,20.5,0.0007832140569771804
4.0,352,z_minus,21.5,0.0006672185597745962
4.0,352,z_minus,22.5,0.0002375440192724351
4.0,352,z_minus,23.5,0.0001146777669232614
4.0,352,z_minus,24.5,6.870721529684472e-05
4.0,352,z_minus,25.5,2.838402933544811e-05
4.0,352,z_minus,26.5,1.3370838060523653e-05
4.0,352,z_minus,27.5,4.8818385978842445e-06
4.0,352,z_minus,28.5,1.5025840269384893e-06
4.0,352,z_minus,29.5,8.372894216251292e-07
4.0,352,z_minus,30.5,0.0
4.0,352,z_minus,31.5,0.0
4.0,352,z_minus,32.5,0.0
4.0,352,z_minus,33.5,0.0
4.0,352,z_minus,34.5,0.0
4.0,352,z_minus,35.5,0.0
4.0,352,z_minus,36.5,0.0
4.0,352,z_minus,37.5,0.0
4.0,352,z_minus,38.5,0.0
4.0,352,z_minus,39.5,0.0
4.0,352,z_minus,40.5,0.0
4.0,352,z_minus,41.5,0.0
4.0,352,z_minus,42.5,0.0
4.0,352,z_minus,43.5,0.0
4.0,352,z_minus,44.5,0.0
4.0,352,z_minus,45.5,0.0
