step,time,dt,psi_mean,psi_rms,psi_max_abs,omega_mean,omega_rms,omega_max_abs,upar_mean,upar_rms,upar_max_abs,dbpar_mean,dbpar_rms,dbpar_max_abs,alfvenic_energy,upar_energy,dbpar_energy,dbpar_energy_weighted,total_energy_proxy,elsasser_energy_plus,elsasser_energy_minus,elsasser_energy_ratio,normalized_cross_helicity,total_energy,total_energy_rhs_alfven_dissipation,total_energy_rhs_forcing,total_energy_rhs_shear,total_energy_rhs_slow_dissipation,total_energy_rhs_total,auto_dissipation_enabled,auto_dissipation_nu_perp,auto_dissipation_nu_par,auto_dissipation_kd,auto_dissipation_ud,auto_dissipation_Ed
0,0.0,0.0,0.0,0.0,0.0,0.0,0.0,0.0,0.0,0.0,0.0,0.0,0.0,0.0,0.0,0.0,0.0,0.0,0.0,0.0,0.0,1.0,0.0,0.0,0.0,0.0,0.0,0.0,0.0,0.0,0.0,0.0,0.0,0.0,0.0
34,0.5100000000000003,0.015,0.0,0.22395984615883174,0.7357217658212434,0.0,0.9484729987107451,3.5784133740076474,0.0,0.02582605320547122,0.08598045872530564,0.0,0.01937964689940392,0.06437624419217712,0.17811557112402607,0.0003334925120859151,0.00018778535697278796,0.00037557071394557593,0.17863684899308477,0.1028172645823821,0.07529830654164393,1.3654658292417072,0.15450057435784814,0.17882463435005752,-2.4546307496786316e-06,0.3506412838041131,0.0,-6.1080836140065296e-09,0.35063882306527977,0.0,0.0,0.0,0.0,0.0,0.0
67,1.0050000000000008,0.015,0.0,0.31194863090499697,1.1344927703269878,6.938893903907228e-18,1.3581635481120338,4.515996116707482,2.168404344971009e-19,0.03828224032734206,0.13237524917232335,5.421010862427522e-19,0.028397061473711373,0.09815291170741954,0.37161278271404385,0.0007327649622401871,0.00040319655017087135,0.0008063931003417427,0.3727487442264549,0.1962200148065803,0.17539276790746355,1.1187463265880215,0.056045561046115355,0.3731519407766257,-2.1799239826032686e-05,0.3926092253613533,0.0,-5.069601531016461e-08,0.3925873754255119,0.0,0.0,0.0,0.0,0.0,0.0
101,1.5149999999999975,0.015,0.0,0.39102445550922216,1.3031039604474532,0.0,1.9405951456063022,7.801986757328349,4.336808689942018e-19,0.046232521345166575,0.15347303157860898,-8.673617379884035e-19,0.03778285677233109,0.143750883022478,0.5449706006493531,0.0010687230149656415,0.0007137721329392428,0.0014275442658784857,0.546753095797258,0.28175339734748706,0.26321720330186604,1.0704216662630637,0.03401320002131204,0.5474668679301973,-0.00033653641192930226,0.3421445445023334,0.0,-7.735540061920139e-07,0.3418072345363979,0.0,0.0,0.0,0.0,0.0,0.0
139,2.0083101034354236,0.010660349314360475,-6.938893903907228e-18,0.4556757548119815,1.5028001575707561,0.0,2.4172934873781458,16.21229793870033,-1.0842021724855044e-19,0.05514065278240517,0.19944828693589423,-1.0842021724855044e-19,0.03980776367842452,0.14415616996445768,0.6736181492561358,0.0015202457946348836,0.0007923290245386472,0.0015846580490772944,0.6759307240753093,0.3516644608349856,0.32195368842115024,1.0922827520925011,0.04410625284761762,0.676723053099848,-0.003947635855698255,0.26599258838871587,0.0,-9.147971201998976e-06,0.26203580456181563,0.0,0.0,0.0,0.0,0.0,0.0
183,2.5023053262614305,0.01051952819219269,-3.469446951953614e-18,0.4698932123887177,1.8582660493155085,-3.469446951953614e-18,3.1382391251294224,16.96040684296475,-1.0842021724855044e-19,0.06044038398177165,0.19894766661809257,0.0,0.04096318721674427,0.15883151863469877,0.8398977095431601,0.0018265200079319996,0.0008389913534770207,0.0016779827069540415,0.8425632209045691,0.4464271199056554,0.3934705896375045,1.1345882809613257,0.06305116642948728,0.843402212258046,-0.016010802369753056,0.353494313311447,0.0,-4.2886646694806215e-05,0.3374406242949991,0.0,0.0,0.0,0.0,0.0,0.0
236,3.0080147202883576,0.00838639835274953,-1.734723475976807e-18,0.5131711618952935,1.7500477051017953,-5.204170427930421e-18,3.8382347589594166,20.695792974759826,-2.168404344971009e-19,0.06541350678787707,0.21918441335813577,-2.168404344971009e-19,0.04681479741847783,0.19444208371306193,0.9863458860129002,0.0021394634351438197,0.0010958126286665592,0.0021916252573331184,0.9895811620767105,0.5061273311126473,0.4802185549002526,1.0539520515149112,0.026267434760766904,0.9906769747053767,-0.0415502418304821,0.33295030318071506,0.0,-0.0001345492207939012,0.2912655121294391,0.0,0.0,0.0,0.0,0.0,0.0
295,3.503409705930276,0.008465480483417423,1.734723475976807e-18,0.5372869186471616,1.9366505685562163,6.938893903907228e-18,4.534990432551759,24.758178583710475,2.168404344971009e-19,0.06916512927772098,0.3062876079618407,-3.2526065174565133e-19,0.05240525107738994,0.26659837702998357,1.1360210000420279,0.002391907554001928,0.0013731551702421399,0.0027463103404842797,1.139786062766272,0.5897450780462173,0.5462759219958105,1.079573626257575,0.03826439480326387,1.1411592179365142,-0.08031105917976811,0.384415043109622,0.0,-0.0002828685579903604,0.3038211153718635,0.0,0.0,0.0,0.0,0.0,0.0
357,4.0,0.00037522098634612533,3.469446951953614e-18,0.5436962567925059,1.8892976478418597,0.0,4.949794736045692,27.74501292020187,-4.336808689942018e-19,0.07789245024978414,0.2989374639127862,4.336808689942018e-19,0.05365108721948344,0.20444410248809586,1.1848565191822302,0.0030336169029575484,0.00143921957991631,0.00287843915983262,1.189329355665104,0.6536846817572326,0.5311718374249977,1.230646347754711,0.10339888615103483,1.1907685752450206,-0.11837969148255628,0.21882242023318893,0.0,-0.00044881381150962745,0.09999391493912302,0.0,0.0,0.0,0.0,0.0,0.0
