time,step,quantity,kprl,value
0.0,0,u_perp,0.0,0.005028034838963469
0.0,0,u_perp,1.0,0.024187760559194152
0.0,0,u_perp,2.0,0.010509162418562536
0.0,0,u_perp,3.0,0.0
0.0,0,u_perp,4.0,0.0
0.0,0,u_perp,5.0,0.0
0.0,0,u_perp,6.0,0.0
0.0,0,u_perp,7.000000000000001,0.0
0.0,0,u_perp,8.0,0.0
0.0,0,u_perp,9.0,0.0
0.0,0,u_perp,10.0,0.0
0.0,0,u_perp,11.0,0.0
0.0,0,u_perp,12.0,0.0
0.0,0,u_perp,12.999999999999998,0.0
0.0,0,u_perp,14.000000000000002,0.0
0.0,0,u_perp,15.0,0.0
0.0,0,u_perp,16.0,0.0
0.0,0,u_perp,17.0,0.0
0.0,0,u_perp,18.0,0.0
0.0,0,u_perp,19.0,0.0
0.0,0,u_perp,20.0,0.0
0.0,0,u_perp,21.0,0.0
0.0,0,u_perp,22.0,0.0
0.0,0,u_perp,23.0,0.0
0.0,0,u_perp,24.0,0.0
0.0,0,u_perp,25.0,0.0
0.0,0,u_perp,25.999999999999996,0.0
0.0,0,u_perp,27.000000000000004,0.0
0.0,0,u_perp,28.000000000000004,0.0
0.0,0,u_perp,29.000000000000004,0.0
0.0,0,u_perp,30.0,0.0
0.0,0,u_perp,31.0,0.0
0.0,0,u_perp,32.0,0.0
0.0,0,u_perp,33.0,0.0
0.0,0,u_perp,34.0,0.0
0.0,0,u_perp,35.0,0.0
0.0,0,u_perp,36.0,0.0
0.0,0,u_perp,37.0,0.0
0.0,0,u_perp,38.0,0.0
0.0,0,u_perp,39.0,0.0
0.0,0,u_perp,40.0,0.0
0.0,0,u_perp,41.0,0.0
0.0,0,u_perp,42.0,0.0
0.0,0,u_perp,43.0,0.0
0.0,0,u_perp,44.0,0.0
0.0,0,u_perp,45.0,0.0
0.0,0,u_perp,46.0,0.0
0.0,0,u_perp,47.0,0.0
0.0,0,u_perp,48.0,0.0
0.0,0,u_perp,49.0,0.0
0.0,0,u_perp,50.0,0.0
0.0,0,u_perp,51.0,0.0
0.0,0,u_perp,51.99999999999999,0.0
0.0,0,u_perp,52.99999999999999,0.0
0.0,0,u_perp,54.00000000000001,0.0
0.0,0,u_perp,55.00000000000001,0.0
0.0,0,u_perp,56.00000000000001,0.0
0.0,0,u_perp,57.00000000000001,0.0
0.0,0,u_perp,58.00000000000001,0.0
0.0,0,u_perp,59.00000000000001,0.0
0.0,0,u_perp,60.0,0.0
0.0,0,u_perp,61.0,0.0
0.0,0,u_perp,62.0,0.0
0.0,0,u_perp,63.0,0.0
0.0,0,u_perp,64.0,0.0
0.0,0,b_perp,0.0,0.1142722647923671
0.0,0,b_perp,1.0,0.16658736321922202
0.0,0,b_perp,2.0,0.09239270675300107
0.0,0,b_perp,3.0,0.0
0.0,0,b_perp,4.0,0.0
0.0,0,b_perp,5.0,0.0
0.0,0,b_perp,6.0,0.0
0.0,0,b_perp,7.000000000000001,0.0
0.0,0,b_perp,8.0,0.0
0.0,0,b_perp,9.0,0.0
0.0,0,b_perp,10.0,0.0
0.0,0,b_perp,11.0,0.0
0.0,0,b_perp,12.0,0.0
0.0,0,b_perp,12.999999999999998,0.0
0.0,0,b_perp,14.000000000000002,0.0
0.0,0,b_perp,15.0,0.0
0.0,0,b_perp,16.0,0.0
0.0,0,b_perp,17.0,0.0
0.0,0,b_perp,18.0,0.0
0.0,0,b_perp,19.0,0.0
0.0,0,b_perp,20.0,0.0
0.0,0,b_perp,21.0,0.0
0.0,0,b_perp,22.0,0.0
0.0,0,b_perp,23.0,0.0
0.0,0,b_perp,24.0,0.0
0.0,0,b_perp,25.0,0.0
0.0,0,b_perp,25.999999999999996,0.0
0.0,0,b_perp,27.000000000000004,0.0
0.0,0,b_perp,28.000000000000004,0.0
0.0,0,b_perp,29.000000000000004,0.0
0.0,0,b_perp,30.0,0.0
0.0,0,b_perp,31.0,0.0
0.0,0,b_perp,32.0,0.0
0.0,0,b_perp,33.0,0.0
0.0,0,b_perp,34.0,0.0
0.0,0,b_perp,35.0,0.0
0.0,0,b_perp,36.0,0.0
0.0,0,b_perp,37.0,0.0
0.0,0,b_perp,38.0,0.0
0.0,0,b_perp,39.0,0.0
0.0,0,b_perp,40.0,0.0
0.0,0,b_perp,41.0,0.0
0.0,0,b_perp,42.0,0.0
0.0,0,b_perp,43.0,0.0
0.0,0,b_perp,44.0,0.0
0.0,0,b_perp,45.0,0.0
0.0,0,b_perp,46.0,0.0
0.0,0,b_perp,47.0,0.0
0.0,0,b_perp,48.0,0.0
0.0,0,b_perp,49.0,0.0
0.0,0,b_perp,50.0,0.0
0.0,0,b_perp,51.0,0.0
0.0,0,b_perp,51.99999999999999,0.0
0.0,0,b_perp,52.99999999999999,0.0
0.0,0,b_perp,54.00000000000001,0.0
0.0,0,b_perp,55.00000000000001,0.0
0.0,0,b_perp,56.00000000000001,0.0
0.0,0,b_perp,57.00000000000001,0.0
0.0,0,b_perp,58.00000000000001,0.0
0.0,0,b_perp,59.00000000000001,0.0
0.0,0,b_perp,60.0,0.0
0.0,0,b_perp,61.0,0.0
0.0,0,b_perp,62.0,0.0
0.0,0,b_perp,63.0,0.0
0.0,0,b_perp,64.0,0.0
0.0,0,upar,0.0,0.021477479773016162
0.0,0,upar,1.0,0.04433378295050936
0.0,0,upar,2.0,0.04529095843605317
0.0,0,upar,3.0,0.0012386813133179436
0.0,0,upar,4.0,0.0
0.0,0,upar,5.0,0.0
0.0,0,upar,6.0,0.0
0.0,0,upar,7.000000000000001,0.0
0.0,0,upar,8.0,0.0
0.0,0,upar,9.0,0.0
0.0,0,upar,10.0,0.0
0.0,0,upar,11.0,0.0
0.0,0,upar,12.0,0.0
0.0,0,upar,12.999999999999998,0.0
0.0,0,upar,14.000000000000002,0.0
0.0,0,upar,15.0,0.0
0.0,0,upar,16.0,0.0
0.0,0,upar,17.0,0.0
0.0,0,upar,18.0,0.0
0.0,0,upar,19.0,0.0
0.0,0,upar,20.0,0.0
0.0,0,upar,21.0,0.0
0.0,0,upar,22.0,0.0
0.0,0,upar,23.0,0.0
0.0,0,upar,24.0,0.0
0.0,0,upar,25.0,0.0
0.0,0,upar,25.999999999999996,0.0
0.0,0,upar,27.000000000000004,0.0
0.0,0,upar,28.000000000000004,0.0
0.0,0,upar,29.000000000000004,0.0
0.0,0,upar,30.0,0.0
0.0,0,upar,31.0,0.0
0.0,0,upar,32.0,0.0
0.0,0,upar,33.0,0.0
0.0,0,upar,34.0,0.0
0.0,0,upar,35.0,0.0
0.0,0,upar,36.0,0.0
0.0,0,upar,37.0,0.0
0.0,0,upar,38.0,0.0
0.0,0,upar,39.0,0.0
0.0,0,upar,40.0,0.0
0.0,0,upar,41.0,0.0
0.0,0,upar,42.0,0.0
0.0,0,upar,43.0,0.0
0.0,0,upar,44.0,0.0
0.0,0,upar,45.0,0.0
0.0,0,upar,46.0,0.0
0.0,0,upar,47.0,0.0
0.0,0,upar,48.0,0.0
0.0,0,upar,49.0,0.0
0.0,0,upar,50.0,0.0
0.0,0,upar,51.0,0.0
0.0,0,upar,51.99999999999999,0.0
0.0,0,upar,52.99999999999999,0.0
0.0,0,upar,54.00000000000001,0.0
0.0,0,upar,55.00000000000001,0.0
0.0,0,upar,56.00000000000001,0.0
0.0,0,upar,57.00000000000001,0.0
0.0,0,upar,58.00000000000001,0.0
0.0,0,upar,59.00000000000001,0.0
0.0,0,upar,60.0,0.0
0.0,0,upar,61.0,0.0
0.0,0,upar,62.0,0.0
0.0,0,upar,63.0,0.0
0.0,0,upar,64.0,0.0
0.0,0,dbpar,0.0,0.05725944092406309
0.0,0,dbpar,1.0,0.09090482665790982
0.0,0,dbpar,2.0,0.07601202996423644
0.0,0,dbpar,3.0,0.0005055073995838999
0.0,0,dbpar,4.0,0.0
0.0,0,dbpar,5.0,0.0
0.0,0,dbpar,6.0,0.0
0.0,0,dbpar,7.000000000000001,0.0
0.0,0,dbpar,8.0,0.0
0.0,0,dbpar,9.0,0.0
0.0,0,dbpar,10.0,0.0
0.0,0,dbpar,11.0,0.0
0.0,0,dbpar,12.0,0.0
0.0,0,dbpar,12.999999999999998,0.0
0.0,0,dbpar,14.000000000000002,0.0
0.0,0,dbpar,15.0,0.0
0.0,0,dbpar,16.0,0.0
0.0,0,dbpar,17.0,0.0
0.0,0,dbpar,18.0,0.0
0.0,0,dbpar,19.0,0.0
0.0,0,dbpar,20.0,0.0
0.0,0,dbpar,21.0,0.0
0.0,0,dbpar,22.0,0.0
0.0,0,dbpar,23.0,0.0
0.0,0,dbpar,24.0,0.0
0.0,0,dbpar,25.0,0.0
0.0,0,dbpar,25.999999999999996,0.0
0.0,0,dbpar,27.000000000000004,0.0
0.0,0,dbpar,28.000000000000004,0.0
0.0,0,dbpar,29.000000000000004,0.0
0.0,0,dbpar,30.0,0.0
0.0,0,dbpar,31.0,0.0
0.0,0,dbpar,32.0,0.0
0.0,0,dbpar,33.0,0.0
0.0,0,dbpar,34.0,0.0
0.0,0,dbpar,35.0,0.0
0.0,0,dbpar,36.0,0.0
0.0,0,dbpar,37.0,0.0
0.0,0,dbpar,38.0,0.0
0.0,0,dbpar,39.0,0.0
0.0,0,dbpar,40.0,0.0
0.0,0,dbpar,41.0,0.0
0.0,0,dbpar,42.0,0.0
0.0,0,dbpar,43.0,0.0
0.0,0,dbpar,44.0,0.0
0.0,0,dbpar,45.0,0.0
0.0,0,dbpar,46.0,0.0
0.0,0,dbpar,47.0,0.0
0.0,0,dbpar,48.0,0.0
0.0,0,dbpar,49.0,0.0
0.0,0,dbpar,50.0,0.0
0.0,0,dbpar,51.0,0.0
0.0,0,dbpar,51.99999999999999,0.0
0.0,0,dbpar,52.99999999999999,0.0
0.0,0,dbpar,54.00000000000001,0.0
0.0,0,dbpar,55.00000000000001,0.0
0.0,0,dbpar,56.00000000000001,0.0
0.0,0,dbpar,57.00000000000001,0.0
0.0,0,dbpar,58.00000000000001,0.0
0.0,0,dbpar,59.00000000000001,0.0
0.0,0,dbpar,60.0,0.0
0.0,0,dbpar,61.0,0.0
0.0,0,dbpar,62.0,0.0
0.0,0,dbpar,63.0,0.0
0.0,0,dbpar,64.0,0.0
0.0,0,z_plus,0.0,0.06459077223669595
0.0,0,z_plus,1.0,0.09689874194066771
0.0,0,z_plus,2.0,0.04533336078645744
0.0,0,z_plus,3.0,0.0
0.0,0,z_plus,4.0,0.0
0.0,0,z_plus,5.0,0.0
0.0,0,z_plus,6.0,0.0
0.0,0,z_plus,7.000000000000001,0.0
0.0,0,z_plus,8.0,0.0
0.0,0,z_plus,9.0,0.0
0.0,0,z_plus,10.0,0.0
0.0,0,z_plus,11.0,0.0
0.0,0,z_plus,12.0,0.0
0.0,0,z_plus,12.999999999999998,0.0
0.0,0,z_plus,14.000000000000002,0.0
0.0,0,z_plus,15.0,0.0
0.0,0,z_plus,16.0,0.0
0.0,0,z_plus,17.0,0.0
0.0,0,z_plus,18.0,0.0
0.0,0,z_plus,19.0,0.0
0.0,0,z_plus,20.0,0.0
0.0,0,z_plus,21.0,0.0
0.0,0,z_plus,22.0,0.0
0.0,0,z_plus,23.0,0.0
0.0,0,z_plus,24.0,0.0
0.0,0,z_plus,25.0,0.0
0.0,0,z_plus,25.999999999999996,0.0
0.0,0,z_plus,27.000000000000004,0.0
0.0,0,z_plus,28.000000000000004,0.0
0.0,0,z_plus,29.000000000000004,0.0
0.0,0,z_plus,30.0,0.0
0.0,0,z_plus,31.0,0.0
0.0,0,z_plus,32.0,0.0
0.0,0,z_plus,33.0,0.0
0.0,0,z_plus,34.0,0.0
0.0,0,z_plus,35.0,0.0
0.0,0,z_plus,36.0,0.0
0.0,0,z_plus,37.0,0.0
0.0,0,z_plus,38.0,0.0
0.0,0,z_plus,39.0,0.0
0.0,0,z_plus,40.0,0.0
0.0,0,z_plus,41.0,0.0
0.0,0,z_plus,42.0,0.0
0.0,0,z_plus,43.0,0.0
0.0,0,z_plus,44.0,0.0
0.0,0,z_plus,45.0,0.0
0.0,0,z_plus,46.0,0.0
0.0,0,z_plus,47.0,0.0
0.0,0,z_plus,48.0,0.0
0.0,0,z_plus,49.0,0.0
0.0,0,z_plus,50.0,0.0
0.0,0,z_plus,51.0,0.0
0.0,0,z_plus,51.99999999999999,0.0
0.0,0,z_plus,52.99999999999999,0.0
0.0,0,z_plus,54.00000000000001,0.0
0.0,0,z_plus,55.00000000000001,0.0
0.0,0,z_plus,56.00000000000001,0.0
0.0,0,z_plus,57.00000000000001,0.0
0.0,0,z_plus,58.00000000000001,0.0
0.0,0,z_plus,59.00000000000001,0.0
0.0,0,z_plus,60.0,0.0
0.0,0,z_plus,61.0,0.0
0.0,0,z_plus,62.0,0.0
0.0,0,z_plus,63.0,0.0
0.0,0,z_plus,64.0,0.0
0.0,0,z_minus,0.0,0.05470952739463461
0.0,0,z_minus,1.0,0.09387638183774845
0.0,0,z_minus,2.0,0.05756850838510617
0.0,0,z_minus,3.0,0.0
0.0,0,z_minus,4.0,0.0
0.0,0,z_minus,5.0,0.0
0.0,0,z_minus,6.0,0.0
0.0,0,z_minus,7.000000000000001,0.0
0.0,0,z_minus,8.0,0.0
0.0,0,z_minus,9.0,0.0
0.0,0,z_minus,10.0,0.0
0.0,0,z_minus,11.0,0.0
0.0,0,z_minus,12.0,0.0
0.0,0,z_minus,12.999999999999998,0.0
0.0,0,z_minus,14.000000000000002,0.0
0.0,0,z_minus,15.0,0.0
0.0,0,z_minus,16.0,0.0
0.0,0,z_minus,17.0,0.0
0.0,0,z_minus,18.0,0.0
0.0,0,z_minus,19.0,0.0
0.0,0,z_minus,20.0,0.0
0.0,0,z_minus,21.0,0.0
0.0,0,z_minus,22.0,0.0
0.0,0,z_minus,23.0,0.0
0.0,0,z_minus,24.0,0.0
0.0,0,z_minus,25.0,0.0
0.0,0,z_minus,25.999999999999996,0.0
0.0,0,z_minus,27.000000000000004,0.0
0.0,0,z_minus,28.000000000000004,0.0
0.0,0,z_minus,29.000000000000004,0.0
0.0,0,z_minus,30.0,0.0
0.0,0,z_minus,31.0,0.0
0.0,0,z_minus,32.0,0.0
0.0,0,z_minus,33.0,0.0
0.0,0,z_minus,34.0,0.0
0.0,0,z_minus,35.0,0.0
0.0,0,z_minus,36.0,0.0
0.0,0,z_minus,37.0,0.0
0.0,0,z_minus,38.0,0.0
0.0,0,z_minus,39.0,0.0
0.0,0,z_minus,40.0,0.0
0.0,0,z_minus,41.0,0.0
0.0,0,z_minus,42.0,0.0
0.0,0,z_minus,43.0,0.0
0.0,0,z_minus,44.0,0.0
0.0,0,z_minus,45.0,0.0
0.0,0,z_minus,46.0,0.0
0.0,0,z_minus,47.0,0.0
0.0,0,z_minus,48.0,0.0
0.0,0,z_minus,49.0,0.0
0.0,0,z_minus,50.0,0.0
0.0,0,z_minus,51.0,0.0
0.0,0,z_minus,51.99999999999999,0.0
0.0,0,z_minus,52.99999999999999,0.0
0.0,0,z_minus,54.00000000000001,0.0
0.0,0,z_minus,55.00000000000001,0.0
0.0,0,z_minus,56.00000000000001,0.0
0.0,0,z_minus,57.00000000000001,0.0
0.0,0,z_minus,58.00000000000001,0.0
0.0,0,z_minus,59.00000000000001,0.0
0.0,0,z_minus,60.0,0.0
0.0,0,z_minus,61.0,0.0
0.0,0,z_minus,62.0,0.0
0.0,0,z_minus,63.0,0.0
0.0,0,z_minus,64.0,0.0
